COUNTY,2026_CD,Republican_Count,Democrat_Count,Other_Count,Total_Count,Republican_Pct,Democrat_Pct,Other_Pct
ANDERSON,6.0,134,14,1818,1966,6.8158697863682605,0.7121057985757884,92.47202441505596
ANDERSON,25.0,2415,196,26107,28718,8.409359983285745,0.6824987812521763,90.90814123546208
ANDREWS,13.0,774,15,9974,10763,7.19130353990523,0.139366347672582,92.66933011242219
ANGELINA,17.0,3266,319,52525,56110,5.820709320976653,0.5685261094279095,93.61076456959545
ARANSAS,4.0,1406,147,18403,19956,7.045500100220485,0.7366205652435358,92.21787933453598
ARCHER,14.0,489,19,5792,6300,7.761904761904762,0.3015873015873016,91.93650793650794
ARCHER,22.0,40,2,674,716,5.58659217877095,0.27932960893854747,94.1340782122905
ARMSTRONG,6.0,224,1,1215,1440,15.555555555555555,0.06944444444444445,84.375
ATASCOSA,6.0,57,9,1372,1438,3.9638386648122395,0.6258692628650904,95.41029207232266
ATASCOSA,25.0,1270,248,29259,30777,4.126458069337493,0.8057965363745654,95.06774539428794
AUSTIN,9.0,29,11,1146,1186,2.4451939291736933,0.927487352445194,96.62731871838112
AUSTIN,18.0,340,24,4155,4519,7.523788448771852,0.5310909493250718,91.94512060190307
AUSTIN,29.0,356,35,5577,5968,5.96514745308311,0.5864611260053619,93.44839142091152
AUSTIN,36.0,380,33,6318,6731,5.645520725003714,0.49026890506611204,93.86421036993018
AUSTIN,38.0,242,20,3512,3774,6.412294647588765,0.5299417064122947,93.05776364599893
BAILEY,5.0,278,5,2905,3188,8.720200752823086,0.15683814303638646,91.12296110414053
BANDERA,11.0,1369,142,17552,19063,7.181450978334994,0.7448984944657189,92.07365052719929
BASTROP,20.0,1464,618,28264,30346,4.824359058854545,2.0365122256640085,93.13912871548145
BASTROP,21.0,409,198,11232,11839,3.4546836726074837,1.6724385505532562,94.87287777683926
BASTROP,23.0,152,50,2712,2914,5.216197666437886,1.7158544955387784,93.06794783802333
BASTROP,28.0,343,182,7953,8478,4.045765510733664,2.1467327199811277,93.80750176928521
BASTROP,35.0,336,157,7450,7943,4.230139745688027,1.9765831549792268,93.79327709933276
BAYLOR,11.0,147,13,2273,2433,6.041923551171394,0.5343197698314838,93.42375667899712
BEE,4.0,522,98,15402,16022,3.2580202221944825,0.6116589689177382,96.13032080888779
BELL,2.0,0,1,3298,3299,0.0,0.03031221582297666,99.96968778417703
BELL,7.0,382,167,17395,17944,2.1288452964779316,0.9306732055283102,96.94048149799376
BELL,8.0,364,50,9211,9625,3.781818181818182,0.5194805194805194,95.6987012987013
BELL,9.0,1247,250,35939,37436,3.3310182711828187,0.6678063895715354,96.00117533924565
BELL,18.0,1622,514,56757,58893,2.754147351977315,0.8727692595045251,96.37308338851815
BELL,29.0,1179,521,54702,56402,2.0903514059785113,0.9237261090032268,96.98592248501826
BELL,36.0,607,223,28403,29233,2.076420483699928,0.7628365203708137,97.16074299592925
BELL,38.0,1008,259,26661,27928,3.6092810083070757,0.9273847035233457,95.46333428816958
BEXAR,20.0,4312,8691,443608,456611,0.9443486906798128,1.9033707028520994,97.15228060646808
BEXAR,21.0,8135,5751,225903,239789,3.3925659642435644,2.3983585568979393,94.2090754788585
BEXAR,23.0,6447,3780,248570,258797,2.4911417056611938,1.4606042573909281,96.04825403694788
BEXAR,28.0,1821,3098,153406,158325,1.1501657981999052,1.956734564977104,96.89309963682298
BEXAR,35.0,1351,3658,177132,182141,0.7417330529644616,2.0083342026232422,97.24993274441229
BLANCO,11.0,887,205,9959,11051,8.02642294814949,1.8550357433716407,90.11854130847887
BORDEN,4.0,72,0,415,487,14.784394250513348,0.0,85.21560574948666
BOSQUE,34.0,731,79,12884,13694,5.3381042792463855,0.5768949905067913,94.08500073024683
BOWIE,1.0,2059,348,53331,55738,3.6940686784599377,0.6243496357960457,95.68158168574402
BOWIE,4.0,363,35,6726,7124,5.095451993262213,0.49129702414373944,94.41325098259405
BRAZORIA,2.0,5057,1578,118409,125044,4.044176449889639,1.2619557915613704,94.69386775854899
BRAZORIA,8.0,5381,1777,118305,125463,4.288913863051258,1.416353825430605,94.29473231151813
BRAZOS,10.0,5148,949,127603,133700,3.850411368735976,0.7097980553477936,95.43979057591623
BREWSTER,2.0,20,23,746,789,2.5348542458808616,2.915082382762991,94.55006337135615
BREWSTER,9.0,17,26,849,892,1.905829596412556,2.914798206278027,95.17937219730942
BREWSTER,18.0,267,208,5131,5606,4.76275419193721,3.7103103817338563,91.52693542632893
BREWSTER,29.0,1,1,151,153,0.6535947712418301,0.6535947712418301,98.69281045751634
BRISCOE,25.0,128,3,910,1041,12.295869356388089,0.2881844380403458,87.41594620557157
BROOKS,15.0,9,560,4382,4951,0.1817814582912543,11.310846293678045,88.5073722480307
BROWN,7.0,167,6,3415,3588,4.654403567447045,0.16722408026755853,95.17837235228541
BROWN,9.0,183,2,2373,2558,7.154026583268178,0.07818608287724785,92.76778733385459
BROWN,18.0,403,5,6207,6615,6.092214663643235,0.07558578987150416,93.83219954648526
BROWN,29.0,481,13,6064,6558,7.334553217444342,0.19823116803903632,92.46721561451662
BROWN,36.0,383,9,4749,5141,7.449912468391363,0.17506321727290408,92.37502431433573
BROWN,38.0,40,2,1082,1124,3.558718861209965,0.1779359430604982,96.26334519572953
BURLESON,10.0,734,111,13013,13858,5.296579593014865,0.800981382594891,93.90243902439023
BURNET,14.0,1884,271,28779,30934,6.0903859830607106,0.8760587056313442,93.03355531130795
BURNET,22.0,372,61,7932,8365,4.447101016138673,0.7292289300657502,94.82367005379557
CALDWELL,7.0,98,18,1433,1549,6.326662362814719,1.1620400258231116,92.51129761136217
CALDWELL,8.0,26,1,625,652,3.9877300613496933,0.15337423312883436,95.85889570552148
CALDWELL,9.0,115,53,2651,2819,4.079460801702731,1.8800993260021284,94.04043987229514
CALDWELL,18.0,200,70,5266,5536,3.6127167630057806,1.2644508670520231,95.1228323699422
CALDWELL,29.0,118,78,4502,4698,2.511707109408259,1.6602809706257982,95.82801191996595
CALDWELL,36.0,230,171,6082,6483,3.5477402437143297,2.6376677464136975,93.81459200987197
CALDWELL,38.0,124,89,5229,5442,2.278574053656744,1.6354281514149211,96.08599779492833
CALHOUN,15.0,611,83,12569,13263,4.606800874613587,0.6258011008067557,94.76739802457966
CALLAHAN,36.0,679,18,9753,10450,6.497607655502392,0.17224880382775118,93.33014354066985
CAMERON,2.0,43,371,13171,13585,0.3165255796834744,2.730953257269047,96.95252116304748
CAMERON,7.0,216,849,36399,37464,0.5765534913516976,2.2661755285073673,97.15727098014094
CAMERON,8.0,33,176,4374,4583,0.7200523674449051,3.840279293039494,95.4396683395156
CAMERON,9.0,118,372,24046,24536,0.48092598630583633,1.5161395500489077,98.00293446364525
CAMERON,18.0,260,1114,49758,51132,0.5084878354063991,2.1786748024720333,97.31283736212156
CAMERON,29.0,494,1449,69279,71222,0.6936059082867654,2.0344837269383054,97.27191036477493
CAMERON,36.0,98,528,22868,23494,0.4171277773048438,2.2473823103771178,97.33548991231804
CAMERON,38.0,40,230,12222,12492,0.3202049311559398,1.841178354146654,97.8386167146974
CAMP,23.0,52,23,1841,1916,2.7139874739039667,1.2004175365344467,96.08559498956159
CAMP,28.0,131,16,2016,2163,6.056403143781785,0.7397133610725843,93.20388349514563
CAMP,35.0,327,42,4000,4369,7.484550240329595,0.9613183794918746,91.55413138017853
CARSON,11.0,288,4,4007,4299,6.699232379623169,0.09304489416143288,93.20772272621541
CASS,1.0,1291,73,20498,21862,5.905223675784466,0.3339127252767359,93.7608635989388
CASTRO,21.0,128,18,2800,2946,4.344874405974202,0.6109979633401221,95.04412763068567
CASTRO,35.0,28,3,725,756,3.7037037037037033,0.3968253968253968,95.8994708994709
CHAMBERS,2.0,240,4,1732,1976,12.145748987854251,0.20242914979757085,87.65182186234817
CHAMBERS,7.0,95,11,3366,3472,2.736175115207373,0.31682027649769584,96.94700460829493
CHAMBERS,9.0,410,21,6868,7299,5.617207836689957,0.2877106452938759,94.09508151801617
CHAMBERS,18.0,1013,59,14971,16043,6.314280371501589,0.36776164059091193,93.31795798790749
CHAMBERS,29.0,501,24,6304,6829,7.336359642700249,0.3514423780934251,92.31219797920632
CHAMBERS,36.0,118,7,1412,1537,7.677293428757319,0.4554326610279766,91.8672739102147
CHEROKEE,14.0,1677,164,23407,25248,6.642110266159696,0.6495564005069708,92.70833333333334
CHEROKEE,36.0,565,57,6433,7055,8.008504606661942,0.8079376328844791,91.18355776045358
CHILDRESS,13.0,276,4,3526,3806,7.251707829742513,0.10509721492380451,92.64319495533368
CLAY,27.0,563,13,7734,8310,6.77496991576414,0.15643802647412755,93.06859205776173
COCHRAN,4.0,62,2,1614,1678,3.6948748510131106,0.11918951132300357,96.18593563766389
COKE,21.0,172,3,2273,2448,7.026143790849673,0.12254901960784313,92.85130718954248
COLEMAN,5.0,622,16,5519,6157,10.10232255968816,0.25986681825564395,89.6378106220562
COLLIN,15.0,14064,6047,444640,464751,3.026136576360244,1.3011268399637657,95.67273658367598
COLLIN,34.0,8639,3604,274776,287019,3.009905267595525,1.2556660012054952,95.73442873119899
COLLINGSWORTH,21.0,140,3,1233,1376,10.174418604651162,0.2180232558139535,89.60755813953489
COLLINGSWORTH,35.0,46,0,467,513,8.966861598440545,0.0,91.03313840155946
COLORADO,11.0,1110,88,13625,14823,7.48836267961951,0.5936719962220873,91.9179653241584
COMAL,21.0,6466,1200,116925,124591,5.189780963311956,0.9631514314838151,93.84706760520423
COMAL,35.0,444,110,18872,19426,2.2855966230824665,0.5662514156285391,97.148151961289
COMANCHE,2.0,40,1,365,406,9.852216748768473,0.24630541871921183,89.90147783251231
COMANCHE,7.0,41,2,520,563,7.282415630550622,0.3552397868561279,92.36234458259325
COMANCHE,9.0,9,0,137,146,6.164383561643835,0.0,93.83561643835617
COMANCHE,18.0,357,8,4067,4432,8.05505415162455,0.18050541516245489,91.764440433213
COMANCHE,29.0,126,7,1814,1947,6.471494607087827,0.35952747817154596,93.16897791474062
COMANCHE,36.0,160,10,2393,2563,6.2426843542723365,0.39016777214202103,93.36714787358564
CONCHO,19.0,141,6,1653,1800,7.833333333333334,0.33333333333333337,91.83333333333333
COOKE,26.0,1547,96,28617,30260,5.112359550561798,0.3172504957038995,94.5703899537343
CORYELL,9.0,404,14,5102,5520,7.3188405797101455,0.25362318840579706,92.42753623188406
CORYELL,18.0,447,68,12094,12609,3.545086842731383,0.5392973273058926,95.91561582996273
CORYELL,29.0,536,117,18715,19368,2.7674514663362246,0.604089219330855,96.62845931433291
CORYELL,36.0,328,22,7504,7854,4.176215940921823,0.2801120448179272,95.54367201426025
CORYELL,38.0,101,1,1655,1757,5.748434832100171,0.056915196357427436,94.1946499715424
COTTLE,19.0,130,4,861,995,13.06532663316583,0.4020100502512563,86.53266331658291
CRANE,13.0,237,2,2438,2677,8.853193873739261,0.0747104968248039,91.07209562943594
CROCKETT,27.0,72,36,2188,2296,3.1358885017421603,1.5679442508710801,95.29616724738676
CROSBY,16.0,177,8,3451,3636,4.867986798679868,0.22002200220022,94.91199119911991
CULBERSON,23.0,4,296,1404,1704,0.2347417840375587,17.370892018779344,82.3943661971831
DALLAM,13.0,116,2,2751,2869,4.043220634367375,0.06971070059254096,95.88706866504009
DALLAS,5.0,4827,4523,231960,241310,2.00033152376611,1.8743524926443162,96.12531598358957
DALLAS,6.0,1374,962,73461,75797,1.8127366518463792,1.2691795189783237,96.91808382917529
DALLAS,24.0,7276,5732,177099,190107,3.827318299694383,3.015144103057752,93.15753759724787
DALLAS,30.0,2512,17605,415669,435786,0.5764297155025632,4.039826887509006,95.38374339698844
DALLAS,32.0,4751,9735,335735,350221,1.35657199311292,2.7796734062206436,95.86375460066644
DALLAS,33.0,1019,3007,174535,178561,0.5706733273223156,1.6840183466714458,97.74530832600624
DAWSON,1.0,420,3,6366,6789,6.18647812638091,0.04418912947414936,93.76933274414495
DE WITT,21.0,558,30,8005,8593,6.493657628302106,0.34912137786570463,93.1572209938322
DE WITT,35.0,155,8,2634,2797,5.541651769753307,0.2860207365033965,94.1723274937433
DEAF SMITH,27.0,521,15,8241,8777,5.935969009912271,0.17090121909536288,93.89312977099237
DELTA,17.0,390,9,3721,4120,9.466019417475728,0.2184466019417476,90.31553398058253
DENTON,4.0,1321,438,36322,38081,3.4689215094141432,1.150179879730049,95.38089861085581
DENTON,13.0,2761,1291,91405,95457,2.892401814429534,1.352441413411274,95.75515677215918
DENTON,21.0,0,0,1,1,0.0,0.0,100.0
DENTON,26.0,14910,4902,490787,510599,2.9200997260080808,0.9600488837620128,96.11985139022991
DENTON,32.0,256,300,18655,19211,1.33256988183853,1.5616053302795272,97.10582478788194
DICKENS,8.0,148,5,1285,1438,10.292072322670375,0.34770514603616137,89.36022253129346
DIMMIT,1.0,13,933,5720,6666,0.19501950195019502,13.996399639963997,85.8085808580858
DONLEY,4.0,75,7,2328,2410,3.112033195020747,0.29045643153526973,96.59751037344398
DUVAL,27.0,13,919,7118,8050,0.16149068322981366,11.416149068322982,88.4223602484472
EASTLAND,10.0,886,22,11656,12564,7.051894301177969,0.17510347023241007,92.77300222858962
ECTOR,11.0,2731,287,83771,86789,3.14671214093952,0.3306870686377306,96.52260079042276
EDWARDS,36.0,139,5,1355,1499,9.272848565710474,0.333555703802535,90.393595730487
EL PASO,3.0,2094,8135,352245,362474,0.5776966072049305,2.244298901438448,97.17800449135662
EL PASO,4.0,688,3331,125680,129699,0.530458985805596,2.5682541885442447,96.90128682565016
EL PASO,32.0,335,987,30198,31520,1.0628172588832487,3.1313451776649743,95.80583756345177
ELLIS,2.0,901,179,16939,18019,5.000277484877074,0.9933958599256341,94.0063266551973
ELLIS,7.0,313,55,7994,8362,3.743123654628079,0.6577373834011002,95.59913896197082
ELLIS,8.0,415,143,10262,10820,3.8354898336414047,1.3216266173752311,94.84288354898337
ELLIS,9.0,763,190,20479,21432,3.560097051138485,0.8865248226950355,95.55337812616648
ELLIS,18.0,800,268,20262,21330,3.750586029067042,1.2564463197374591,94.9929676511955
ELLIS,22.0,25,59,3941,4025,0.6211180124223602,1.4658385093167703,97.91304347826087
ELLIS,29.0,606,219,18359,19184,3.1588824020016677,1.1415763135946622,95.69954128440367
ELLIS,36.0,1346,199,27390,28935,4.651805771556939,0.6877484015897702,94.66044582685329
ELLIS,38.0,470,152,15016,15638,3.005499424478834,0.9719913032357079,96.02250927228546
ERATH,17.0,2147,101,23800,26048,8.24247542997543,0.38774570024570026,91.36977886977887
FALLS,21.0,278,39,6837,7154,3.885937936818563,0.5451495666759855,95.56891249650545
FALLS,35.0,86,36,3317,3439,2.500726955510323,1.0468159348647863,96.45245710962489
FANNIN,4.0,1485,96,23401,24982,5.9442798815146904,0.38427667920903047,93.67144343927627
FAYETTE,10.0,1801,141,16456,18398,9.789107511686053,0.7663876508316121,89.44450483748233
FISHER,13.0,79,15,1937,2031,3.8897095027080253,0.7385524372230428,95.37173806006894
FISHER,26.0,38,4,649,691,5.499276410998553,0.5788712011577424,93.92185238784371
FLOYD,6.0,0,0,3,3,0.0,0.0,100.0
FLOYD,25.0,354,5,3303,3662,9.666848716548335,0.1365374112506827,90.19661387220098
FOARD,6.0,52,7,749,808,6.435643564356436,0.8663366336633664,92.69801980198021
FORT BEND,7.0,1948,2205,120917,125070,1.5575277844407132,1.7630127128807866,96.6794595026785
FORT BEND,9.0,789,4412,96533,101734,0.7755519295417461,4.336799889908979,94.88764818054928
FORT BEND,22.0,11325,4759,312874,328958,3.442688732300172,1.4466892430036662,95.11062202469616
FRANKLIN,10.0,557,34,7044,7635,7.295350360183366,0.4453176162409954,92.25933202357564
FREESTONE,5.0,897,85,12468,13450,6.669144981412639,0.6319702602230484,92.69888475836431
FRIO,6.0,83,707,8747,9537,0.8702946419209394,7.413232672748244,91.71647268533081
GAINES,23.0,583,11,9907,10501,5.551852204551948,0.1047519283877726,94.34339586706028
GALVESTON,14.0,8864,2901,234582,246347,3.5981765558338443,1.1776071963531116,95.22421624781305
GARZA,17.0,227,6,2419,2652,8.559577677224736,0.22624434389140274,91.21417797888385
GILLESPIE,17.0,2280,252,19398,21930,10.39671682626539,1.149110807113543,88.45417236662107
GLASSCOCK,23.0,146,2,696,844,17.298578199052134,0.23696682464454977,82.46445497630332
GOLIAD,6.0,100,5,1037,1142,8.756567425569177,0.43782837127845886,90.80560420315237
GOLIAD,25.0,516,28,4162,4706,10.964725881852953,0.5949851253718658,88.44028899277518
GONZALES,8.0,962,42,12201,13205,7.285119273002651,0.31806134040136314,92.39681938659598
GRAY,28.0,922,6,11423,12351,7.464982592502631,0.048579062424095217,92.48643834507327
GRAYSON,4.0,4743,502,95136,100381,4.724997758539963,0.5000946394237953,94.77490760203624
GREGG,2.0,1457,128,26463,28048,5.194666286366229,0.4563605248146035,94.34897318881916
GREGG,8.0,1736,659,45956,48351,3.5904117805216025,1.3629500941035346,95.04663812537486
GRIMES,27.0,1054,109,19846,21009,5.016897520110429,0.5188252653624637,94.4642772145271
GUADALUPE,2.0,21,8,318,347,6.051873198847262,2.3054755043227666,91.64265129682997
GUADALUPE,7.0,501,136,11707,12344,4.058651976668827,1.1017498379779649,94.83959818535321
GUADALUPE,8.0,275,82,6551,6908,3.9808917197452227,1.1870295309785757,94.8320787492762
GUADALUPE,9.0,246,82,7391,7719,3.1869413136416633,1.062313771213888,95.75074491514445
GUADALUPE,18.0,725,155,19712,20592,3.5207847707847706,0.7527195027195027,95.72649572649573
GUADALUPE,29.0,1118,269,31496,32883,3.3999330961286987,0.818051880911109,95.78201502296018
GUADALUPE,36.0,701,279,22341,23321,3.005874533682089,1.196346640367051,95.79777882595086
GUADALUPE,38.0,1000,207,25662,26869,3.721761137370204,0.7704045554356321,95.50783430719416
HALE,2.0,33,0,344,377,8.753315649867375,0.0,91.24668435013263
HALE,7.0,196,6,4257,4459,4.395604395604396,0.13455931823278763,95.46983628616282
HALE,8.0,121,5,1013,1139,10.623353819139595,0.4389815627743635,88.93766461808605
HALE,9.0,84,3,1911,1998,4.2042042042042045,0.15015015015015015,95.64564564564564
HALE,18.0,41,7,2437,2485,1.6498993963782695,0.28169014084507044,98.06841046277665
HALE,29.0,104,10,2464,2578,4.034134988363072,0.3878975950349108,95.57796741660202
HALE,36.0,68,1,1819,1888,3.6016949152542375,0.05296610169491525,96.34533898305084
HALE,38.0,199,11,3107,3317,5.999397045523063,0.33162496231534516,93.6689779921616
HALL,17.0,78,6,1806,1890,4.1269841269841265,0.31746031746031744,95.55555555555556
HAMILTON,7.0,14,0,228,242,5.785123966942149,0.0,94.21487603305785
HAMILTON,9.0,167,2,1371,1540,10.844155844155843,0.12987012987012986,89.02597402597404
HAMILTON,18.0,214,13,2793,3020,7.086092715231788,0.4304635761589404,92.48344370860927
HAMILTON,29.0,136,8,1095,1239,10.976594027441484,0.645682001614205,88.37772397094432
HAMILTON,36.0,30,2,207,239,12.552301255230125,0.8368200836820083,86.61087866108787
HANSFORD,6.0,192,1,1426,1619,11.8591723285979,0.06176652254478073,88.07906114885732
HANSFORD,17.0,183,1,1207,1391,13.156002875629044,0.07189072609633358,86.77210639827462
HARDEMAN,11.0,88,5,2302,2395,3.674321503131524,0.20876826722338201,96.11691022964509
HARDIN,1.0,1383,72,41758,43213,3.2004257977923314,0.16661652743387406,96.63295767477379
HARRIS,2.0,7785,3318,269163,280266,2.7777183104622036,1.1838753184474748,96.03840637109032
HARRIS,7.0,4192,7317,293918,305427,1.3725047228961422,2.3956624659902364,96.23183281111363
HARRIS,8.0,3042,2470,244115,249627,1.2186181783220567,0.9894762986375671,97.79190552304038
HARRIS,9.0,1757,8387,253692,263836,0.6659439955123638,3.1788686911566275,96.155187313331
HARRIS,18.0,2872,11364,409721,423957,0.6774271919086133,2.6804605184016306,96.64211228968975
HARRIS,22.0,1245,466,47111,48822,2.550079882020401,0.9544877309409693,96.49543238703863
HARRIS,29.0,1704,5138,332730,339572,0.5018081585054127,1.5130811727704288,97.98511066872416
HARRIS,36.0,6564,3127,254453,264144,2.485008177357805,1.1838239748016235,96.33116784784058
HARRIS,38.0,17146,6587,498009,521742,3.2862985920244108,1.2625013895756907,95.4512000183999
HARRISON,3.0,2135,333,36130,38598,5.531374682626042,0.8627390020208301,93.60588631535313
HARRISON,4.0,254,63,5120,5437,4.671693948868862,1.1587272392863712,94.16957881184477
HARRISON,32.0,178,6,3212,3396,5.241460541813899,0.17667844522968199,94.58186101295641
HARTLEY,13.0,229,6,2618,2853,8.026638626007712,0.2103049421661409,91.76305643182616
HASKELL,3.0,101,17,3333,3451,2.9266879165459287,0.49261083743842365,96.58070124601565
HAYS,21.0,3417,2860,86711,92988,3.674667699057943,3.0756656772916937,93.24966662365036
HAYS,35.0,640,1451,90977,93068,0.6876692310998409,1.5590750848841708,97.753255684016
HEMPHILL,19.0,268,5,2074,2347,11.418832552194292,0.21303792074989347,88.36812952705581
HENDERSON,5.0,3201,335,56166,59702,5.361629426149878,0.5611202304780409,94.07725034337207
HIDALGO,2.0,84,444,20207,20735,0.4051121292500603,2.141306968893176,97.45358090185677
HIDALGO,7.0,203,1143,55130,56476,0.3594447198810114,2.023868545931015,97.61668673418798
HIDALGO,8.0,23,336,10535,10894,0.2111253901230035,3.0842665687534425,96.70460804112355
HIDALGO,9.0,236,1237,42228,43701,0.5400334088464795,2.8305988421317587,96.62936774902177
HIDALGO,18.0,398,3155,110721,114274,0.34828569928417663,2.7609079930692895,96.89080630764654
HIDALGO,29.0,502,2952,115060,118514,0.4235786489359907,2.490844963464232,97.08557638759979
HIDALGO,36.0,137,1372,34191,35700,0.38375350140056025,3.8431372549019605,95.77310924369748
HIDALGO,38.0,186,938,45743,46867,0.39686773209294385,2.0014082403396847,97.60172402756737
HILL,3.0,1320,110,25454,26884,4.909983633387888,0.4091653027823241,94.68085106382979
HOCKLEY,19.0,831,26,13152,14009,5.931900920836605,0.1855949746591477,93.88250410450425
HOOD,7.0,180,4,2703,2887,6.234845860755109,0.13855213023900242,93.6266020090059
HOOD,8.0,331,12,4165,4508,7.342502218278615,0.26619343389529726,92.3913043478261
HOOD,9.0,393,13,3041,3447,11.401218450826805,0.37713954163040325,88.22164200754278
HOOD,18.0,705,43,7231,7979,8.835693695951875,0.5389146509587667,90.62539165308937
HOOD,29.0,1626,83,21943,23652,6.874682902080162,0.3509216979536614,92.77439539996618
HOOD,36.0,218,16,4060,4294,5.076851420586865,0.37261294829995345,94.55053563111319
HOOD,38.0,337,18,4701,5056,6.665348101265822,0.3560126582278481,92.97863924050634
HOPKINS,4.0,1308,98,24047,25453,5.138883432208384,0.3850233764192826,94.47609319137233
HOUSTON,27.0,1019,129,12789,13937,7.311473057329411,0.9255937432733014,91.7629331993973
HOWARD,19.0,745,52,15633,16430,4.534388314059647,0.31649421789409615,95.14911746804626
HUDSPETH,23.0,61,36,2115,2212,2.7576853526220613,1.62748643761302,95.61482820976492
HUNT,3.0,2666,245,61047,63958,4.168360486569311,0.3830638856749742,95.44857562775572
HUNT,4.0,175,24,8871,9070,1.9294377067254687,0.2646085997794928,97.80595369349504
HUTCHINSON,10.0,1034,28,12412,13474,7.674038889713522,0.20780762950868337,92.11815348077779
IRION,35.0,33,0,262,295,11.186440677966102,0.0,88.8135593220339
IRION,37.0,100,2,837,939,10.649627263045794,0.21299254526091588,89.1373801916933
JACK,36.0,550,10,5309,5869,9.371272789231554,0.17038677798602828,90.4583404327824
JACKSON,8.0,623,30,9271,9924,6.277710600564289,0.3022974607013301,93.41999193873438
JASPER,5.0,1711,162,22702,24575,6.96236012207528,0.659206510681587,92.37843336724313
JEFF DAVIS,13.0,187,39,1346,1572,11.895674300254452,2.480916030534351,85.6234096692112
JEFFERSON,14.0,2205,2946,96865,102016,2.1614256587202005,2.8877823086574654,94.95079203262233
JEFFERSON,36.0,929,1591,43659,46179,2.0117369367028304,3.445288984170294,94.54297407912688
JIM HOGG,14.0,4,584,2970,3558,0.11242270938729623,16.41371557054525,83.47386172006746
JIM WELLS,15.0,247,1440,24793,26480,0.9327794561933535,5.438066465256798,93.62915407854985
JOHNSON,27.0,4856,636,123820,129312,3.755258599356595,0.49183370452858205,95.75290769611482
JONES,23.0,395,26,10476,10897,3.6248508763879963,0.23859777920528588,96.13655134440671
KARNES,2.0,158,13,3863,4034,3.9167079821517103,0.32226078334159647,95.76103123450669
KARNES,8.0,255,23,4155,4433,5.752312203925107,0.5188360027069705,93.72885179336792
KAUFMAN,9.0,38,51,4907,4996,0.7606084867894315,1.0208166533226581,98.21857485988791
KAUFMAN,14.0,2516,439,56948,59903,4.2001235330450895,0.7328514431664523,95.06702502378846
KAUFMAN,22.0,1633,299,41412,43344,3.7675341454411226,0.689830195644149,95.54263565891473
KENDALL,20.0,838,91,11940,12869,6.5117724764939,0.707125650788717,92.78110187271739
KENDALL,21.0,594,63,6766,7423,8.00215546275091,0.8487134581705511,91.14913107907854
KENDALL,23.0,461,47,5677,6185,7.4535165723524655,0.7599029911075181,91.78658043654
KENDALL,28.0,559,97,8793,9449,5.915969943909408,1.0265636575298973,93.05746639856069
KENDALL,35.0,259,26,2877,3162,8.191018342821,0.8222643896268185,90.98671726755218
KENEDY,36.0,2,34,234,270,0.7407407407407408,12.592592592592592,86.66666666666667
KENT,19.0,48,6,546,600,8.0,1.0,91.0
KERR,2.0,521,51,2166,2738,19.028487947406866,1.8626734842951058,79.10883856829803
KERR,7.0,447,61,6788,7296,6.126644736842105,0.8360745614035088,93.03728070175438
KERR,8.0,220,63,4955,5238,4.2000763650248185,1.202749140893471,94.59717449408171
KERR,9.0,51,6,950,1007,5.06454816285998,0.5958291956305859,94.33962264150944
KERR,18.0,856,81,8193,9130,9.375684556407448,0.8871851040525739,89.73713033953999
KERR,29.0,646,53,6810,7509,8.603009721667334,0.7058196830470103,90.69117059528566
KERR,36.0,366,38,3388,3792,9.651898734177216,1.0021097046413503,89.34599156118144
KERR,38.0,385,53,3071,3509,10.9717868338558,1.5104018238814476,87.51781134226275
KIMBLE,19.0,452,10,2864,3326,13.58989777510523,0.30066145520144316,86.10944076969332
KING,36.0,22,0,143,165,13.333333333333334,0.0,86.66666666666667
KINNEY,1.0,286,22,1866,2174,13.155473781048757,1.011959521619135,85.8325666973321
KLEBERG,17.0,434,376,17931,18741,2.3157782402219733,2.0062963555840136,95.67792540419401
KNOX,11.0,57,4,2168,2229,2.557200538358008,0.1794526693584567,97.26334679228353
LA SALLE,27.0,14,668,3535,4217,0.3319895660422101,15.84064500829974,83.82736542565806
LAMAR,4.0,1862,151,31181,33194,5.609447490510333,0.45490148822076276,93.93565102126891
LAMB,1.0,353,17,7532,7902,4.467223487724627,0.21513540875727666,95.31764110351808
LAMPASAS,17.0,1153,125,15705,16983,6.789142083259731,0.7360301477948538,92.47482776894542
LAVACA,27.0,1083,48,13363,14494,7.472057403063337,0.33117151924934457,92.19677107768732
LEE,19.0,928,80,11193,12201,7.605933939840996,0.6556839603311204,91.73838209982789
LEON,27.0,934,38,11710,12682,7.364768963885822,0.2996372811859328,92.33559375492824
LIBERTY,36.0,3038,208,51448,54694,5.554539803269097,0.3802976560500238,94.06516254068087
LIMESTONE,21.0,884,56,10522,11462,7.7124411097539705,0.48857093002966323,91.79898796021637
LIMESTONE,35.0,182,19,2810,3011,6.04450348721355,0.631019594818997,93.32447691796744
LIPSCOMB,13.0,144,1,1677,1822,7.903402854006586,0.054884742041712405,92.0417124039517
LIVE OAK,1.0,478,34,7283,7795,6.132135984605516,0.43617703656189866,93.43168697883259
LLANO,11.0,1151,126,8801,10078,11.420916848581069,1.2502480650922803,87.32883508632665
LLANO,31.0,685,77,7657,8419,8.136358237320348,0.9145979332462287,90.94904382943344
LOVING,15.0,9,5,115,129,6.976744186046512,3.875968992248062,89.14728682170544
LUBBOCK,16.0,8435,1119,184618,194172,4.344086686030941,0.5762931833632037,95.07962013060586
LUBBOCK,23.0,247,18,3130,3395,7.275405007363771,0.5301914580265096,92.19440353460972
LYNN,14.0,130,4,4254,4388,2.962625341841386,0.09115770282588878,96.94621695533272
MADISON,35.0,440,5,3880,4325,10.173410404624278,0.11560693641618498,89.71098265895954
MADISON,37.0,323,11,3819,4153,7.777510233566097,0.2648687695641705,91.95762099686974
MARION,3.0,366,53,7428,7847,4.66420288008156,0.6754173569517014,94.66037976296674
MARTIN,27.0,312,1,3196,3509,8.891422057566258,0.028498147620404674,91.08007979481334
MASON,35.0,205,14,1462,1681,12.195121951219512,0.8328375966686495,86.97204045211184
MASON,37.0,188,6,1417,1611,11.669770328988207,0.37243947858473,87.95779019242707
MATAGORDA,22.0,1373,172,20900,22445,6.117175317442638,0.7663176654043217,93.11650701715304
MAVERICK,4.0,64,2824,33060,35948,0.17803493935684878,7.855791699120952,91.9661733615222
MCCULLOCH,17.0,579,14,4848,5441,10.64142620841757,0.2573056423451571,89.10126814923727
MCLENNAN,14.0,4669,965,115083,120717,3.867723684319524,0.7993903095670039,95.33288600611347
MCLENNAN,36.0,1446,295,37385,39126,3.695752185247662,0.7539743393140111,95.55027347543833
MCMULLEN,28.0,59,1,583,643,9.17573872472784,0.15552099533437014,90.6687402799378
MEDINA,23.0,2232,281,36104,38617,5.77983789522749,0.7276588031177978,93.49250330165472
MENARD,13.0,259,3,1257,1519,17.050691244239633,0.19749835418038184,82.75181040157999
MIDLAND,11.0,4668,268,94339,99275,4.7020901536137,0.26995718962477966,95.02795265676151
MILAM,17.0,1488,122,15614,17224,8.639108221086856,0.7083139804923363,90.65257779842081
MILLS,14.0,634,10,2993,3637,17.431949408853452,0.27495188342040144,82.29309870772616
MITCHELL,1.0,315,5,4218,4538,6.941383869546056,0.11018069634200088,92.94843543411194
MONTAGUE,1.0,1096,29,14556,15681,6.989350168994324,0.18493718512849947,92.82571264587718
MONTGOMERY,16.0,18958,2234,425790,446982,4.241334102939268,0.4997964123834965,95.25886948467723
MONTGOMERY,23.0,436,26,8108,8570,5.087514585764294,0.3033838973162194,94.6091015169195
MOORE,19.0,681,5,9462,10148,6.7106819077650774,0.049270792274339774,93.24004729996058
MORRIS,9.0,37,7,1081,1125,3.288888888888889,0.6222222222222222,96.08888888888889
MORRIS,18.0,212,21,3114,3347,6.334030475052285,0.6274275470570659,93.03854197789065
MORRIS,29.0,10,11,752,773,1.29366106080207,1.423027166882277,97.28331177231566
MORRIS,36.0,63,25,2366,2454,2.567237163814181,1.0187449062754685,96.41401792991034
MORRIS,38.0,30,5,1267,1302,2.3041474654377883,0.38402457757296465,97.31182795698925
MOTLEY,17.0,116,1,736,853,13.599062133645957,0.11723329425556857,86.28370457209847
NACOGDOCHES,10.0,2580,333,37158,40071,6.438571535524444,0.8310249307479225,92.73040353372764
NAVARRO,6.0,1828,160,30978,32966,5.5451070800218405,0.48534854092094887,93.96954437905721
NEWTON,16.0,601,29,8874,9504,6.323653198653198,0.30513468013468015,93.37121212121212
NOLAN,28.0,436,21,8038,8495,5.132430841671572,0.2472042377869335,94.6203649205415
NUECES,3.0,2901,2026,142089,147016,1.9732546117429397,1.3780812972737662,96.64866409098329
NUECES,4.0,636,724,45400,46760,1.360136869118905,1.5483319076133448,97.09153122326775
NUECES,32.0,474,362,24614,25450,1.8624754420432221,1.4223968565815324,96.71512770137525
OCHILTREE,19.0,463,4,4750,5217,8.874832279087599,0.07667241709794902,91.04849530381445
OLDHAM,13.0,146,1,1197,1344,10.863095238095239,0.0744047619047619,89.0625
ORANGE,1.0,3117,250,52977,56344,5.5320885986085475,0.4437029674854465,94.02420843390601
PALO PINTO,3.0,991,53,13223,14267,6.946099390201163,0.3714866475082358,92.6824139622906
PALO PINTO,4.0,270,17,4108,4395,6.143344709897611,0.38680318543799774,93.46985210466438
PALO PINTO,32.0,102,7,1625,1734,5.88235294117647,0.40369088811995385,93.71395617070357
PANOLA,5.0,1411,90,16406,17907,7.879600156363434,0.5025967498743509,91.61780309376222
PARKER,12.0,5693,369,91884,97946,5.812386417005289,0.37673820268311115,93.8108753803116
PARKER,25.0,1633,118,28151,29902,5.461173165674537,0.3946224332820547,94.14420440104341
PARMER,13.0,196,3,4371,4570,4.288840262582057,0.06564551422319474,95.64551422319475
PECOS,19.0,311,127,7908,8346,3.726335969326623,1.5216870357057273,94.75197699496765
POLK,10.0,2268,135,42130,44533,5.092852491410864,0.303145981631599,94.60400152695753
POTTER,13.0,2625,323,56883,59831,4.387357724256656,0.539853921879962,95.07278835386337
PRESIDIO,6.0,9,274,2200,2483,0.3624647603705195,11.03503826016915,88.60249697946033
PRESIDIO,17.0,1,245,1715,1961,0.05099439061703213,12.49362570117287,87.45537990821009
RAINS,21.0,611,42,8766,9419,6.486888204692642,0.4459072088332095,93.06720458647415
RANDALL,13.0,5883,347,94131,100361,5.861838762068931,0.34575183587250025,93.79240940205857
REAGAN,19.0,151,1,1657,1809,8.347153123272525,0.055279159756771695,91.5975677169707
REAL,1.0,321,15,2368,2704,11.871301775147929,0.5547337278106509,87.57396449704143
RED RIVER,1.0,305,48,5930,6283,4.854368932038835,0.7639662581569314,94.38166480980424
RED RIVER,4.0,163,15,2313,2491,6.543556804496187,0.602167804094741,92.85427539140908
REEVES,6.0,11,350,4134,4495,0.2447163515016685,7.786429365962181,91.96885428253616
REEVES,17.0,9,215,3138,3362,0.2676977989292088,6.395002974419989,93.3372992266508
REFUGIO,27.0,246,50,4657,4953,4.966686856450636,1.0094891984655765,94.02382394508379
ROBERTS,13.0,126,0,597,723,17.42738589211618,0.0,82.57261410788381
ROBERTSON,27.0,1066,101,11449,12616,8.449587824984148,0.800570703868104,90.74984147114775
ROCKWALL,4.0,4107,713,83428,88248,4.653929834103889,0.8079503218203246,94.53811984407578
RUNNELS,17.0,552,12,6264,6828,8.084358523725834,0.17574692442882248,91.73989455184535
RUSK,7.0,323,61,6143,6527,4.948674735713191,0.9345794392523363,94.11674582503447
RUSK,8.0,117,1,1062,1180,9.915254237288137,0.0847457627118644,90.0
RUSK,9.0,104,13,2512,2629,3.9558767592240396,0.49448459490300495,95.54963864587296
RUSK,18.0,230,19,4062,4311,5.335189051264208,0.44073300858269543,94.2240779401531
RUSK,29.0,472,24,4733,5229,9.026582520558424,0.45897877223178424,90.51443870720979
RUSK,36.0,255,24,3892,4171,6.1136418125149845,0.5754015823543515,93.31095660513067
RUSK,38.0,508,61,9781,10350,4.908212560386473,0.5893719806763285,94.5024154589372
SABINE,17.0,688,36,7755,8479,8.114164406179974,0.4245783700908126,91.4612572237292
SAN AUGUSTINE,23.0,358,49,5657,6064,5.903693931398417,0.8080474934036939,93.28825857519789
SAN JACINTO,36.0,1603,102,18821,20526,7.809607327292214,0.4969307220111079,91.69346195069667
SAN PATRICIO,2.0,55,16,1847,1918,2.867570385818561,0.8342022940563086,96.29822732012514
SAN PATRICIO,7.0,7,3,108,118,5.932203389830509,2.5423728813559325,91.52542372881356
SAN PATRICIO,8.0,138,40,3312,3490,3.9541547277936964,1.146131805157593,94.89971346704871
SAN PATRICIO,18.0,524,100,16979,17603,2.976765324092484,0.5680849855138329,96.45514969039368
SAN PATRICIO,29.0,98,73,6813,6984,1.4032073310423827,1.04524627720504,97.55154639175258
SAN PATRICIO,36.0,65,28,3112,3205,2.02808112324493,0.8736349453978159,97.09828393135726
SAN PATRICIO,38.0,419,181,11453,12053,3.4763129511324977,1.5017008213722725,95.02198622749522
SAN SABA,4.0,492,6,3305,3803,12.93715487772811,0.15777018143570865,86.90507494083619
SCHLEICHER,23.0,169,23,1544,1736,9.735023041474653,1.3248847926267282,88.94009216589862
SCURRY,27.0,719,20,8661,9400,7.648936170212766,0.2127659574468085,92.13829787234043
SHACKELFORD,13.0,231,3,2208,2442,9.45945945945946,0.12285012285012285,90.41769041769042
SHELBY,1.0,1089,41,15260,16390,6.644295302013423,0.25015253203172666,93.10555216595485
SHERMAN,18.0,86,0,652,738,11.653116531165312,0.0,88.34688346883469
SHERMAN,29.0,24,0,198,222,10.81081081081081,0.0,89.1891891891892
SHERMAN,36.0,39,1,452,492,7.926829268292683,0.20325203252032523,91.869918699187
SMITH,17.0,8968,1656,151573,162197,5.529078836230016,1.020980659321689,93.44994050444829
SOMERVELL,13.0,757,28,6650,7435,10.181573638197714,0.3765971755211836,89.44182918628111
STARR,15.0,28,1032,35341,36401,0.0769209637097882,2.8350869481607646,97.08799208812945
STEPHENS,2.0,251,1,2633,2885,8.700173310225304,0.03466204506065858,91.26516464471403
STEPHENS,8.0,329,4,2689,3022,10.886829913964261,0.13236267372600927,88.98080741230973
STERLING,34.0,132,2,740,874,15.102974828375288,0.2288329519450801,84.66819221967964
STONEWALL,34.0,59,5,893,957,6.165099268547544,0.522466039707419,93.31243469174504
SUTTON,13.0,344,11,1999,2354,14.613423959218352,0.46728971962616817,84.91928632115548
SWISHER,17.0,290,11,3608,3909,7.418777180864672,0.28140189306728064,92.29982092606804
TARRANT,6.0,1411,1349,83350,86110,1.6386017884101731,1.5666008593659273,96.79479735222391
TARRANT,12.0,11743,5725,416521,433989,2.7058289495816714,1.3191578588397401,95.97501319157858
TARRANT,24.0,14094,4146,335437,353677,3.984991955937197,1.172256041529418,94.84275200253339
TARRANT,25.0,6146,4396,227541,238083,2.5814526866680945,1.8464149057261543,95.57213240760575
TARRANT,26.0,0,0,18,18,0.0,0.0,100.0
TARRANT,30.0,261,795,31048,32104,0.8129828058808871,2.4763269374532766,96.71069025666583
TARRANT,33.0,1079,3816,163696,168591,0.6400104394659264,2.2634660213178637,97.09652353921621
TAYLOR,19.0,3402,306,86465,90173,3.772747940070753,0.33934769831324235,95.88790436161601
TERRELL,36.0,26,23,577,626,4.15335463258786,3.6741214057507987,92.17252396166134
TERRY,11.0,473,12,5934,6419,7.368749026328089,0.18694500701043776,92.44430596666147
THROCKMORTON,19.0,112,2,1099,1213,9.23330585325639,0.16488046166529266,90.60181368507831
TITUS,34.0,1326,122,16636,18084,7.332448573324486,0.6746295067462951,91.99292191992922
TOM GREEN,2.0,259,22,3913,4194,6.175488793514545,0.5245588936576061,93.29995231282786
TOM GREEN,7.0,273,16,5643,5932,4.602157788267027,0.26972353337828725,95.1281186783547
TOM GREEN,9.0,581,57,13955,14593,3.981360926471596,0.390598232029055,95.62804084149936
TOM GREEN,18.0,579,75,15078,15732,3.6803966437833715,0.4767353165522502,95.84286803966438
TOM GREEN,29.0,715,38,11601,12354,5.787599158167396,0.30759268253197347,93.90480815930063
TOM GREEN,36.0,115,23,4201,4339,2.650380271952063,0.5300760543904126,96.81954367365752
TOM GREEN,38.0,540,77,15038,15655,3.4493771957840944,0.4918556371766209,96.05876716703928
TRAVIS,2.0,536,2332,60516,63384,0.8456392780512433,3.679161933611006,95.47519878833775
TRAVIS,7.0,1060,3512,83407,87979,1.2048329715045636,3.99186169426795,94.80330533422749
TRAVIS,8.0,49,386,17438,17873,0.27415654898450176,2.159682202204442,97.56616124881106
TRAVIS,9.0,1592,4716,135706,142014,1.1210162378357063,3.3207993578097934,95.55818440435449
TRAVIS,18.0,2025,7180,180687,189892,1.0663956354138142,3.781096623343795,95.15250774124239
TRAVIS,22.0,68,67,4470,4605,1.476655808903366,1.4549402823018458,97.06840390879479
TRAVIS,29.0,2427,6849,163328,172604,1.4061087807930293,3.968042455563023,94.62584876364394
TRAVIS,36.0,931,3474,94076,98481,0.945360018683807,3.5275840009748074,95.52705598034139
TRAVIS,38.0,1079,4913,145498,151490,0.7122582348669879,3.24311835764737,96.04462340748564
TRINITY,15.0,750,37,6851,7638,9.819324430479183,0.484420005236973,89.69625556428385
TRINITY,34.0,341,35,4309,4685,7.27854855923159,0.7470651013874066,91.974386339381
TYLER,14.0,48,2,727,777,6.177606177606178,0.2574002574002574,93.56499356499357
TYLER,36.0,1069,49,12989,14107,7.577798256184873,0.3473452895725526,92.07485645424256
UPSHUR,14.0,1233,99,22622,23954,5.147365784420139,0.4132921432746097,94.43934207230525
UPSHUR,22.0,365,34,6133,6532,5.587875076546234,0.5205143906919779,93.89161053276179
UPTON,8.0,261,3,1846,2110,12.369668246445498,0.14218009478672985,87.48815165876778
UVALDE,14.0,315,176,10158,10649,2.9580242276270075,1.6527373462296928,95.3892384261433
UVALDE,22.0,150,152,7021,7323,2.0483408439164275,2.075652055168647,95.87600710091493
VAL VERDE,16.0,436,618,29027,30081,1.4494198996044014,2.054452976962202,96.4961271234334
VAL VERDE,23.0,2,1,69,72,2.7777777777777777,1.3888888888888888,95.83333333333334
VAN ZANDT,4.0,2412,104,39408,41924,5.753267817956302,0.24806793244919376,93.9986642495945
VICTORIA,2.0,1082,154,21836,23072,4.689667128987518,0.6674757281553397,94.64285714285714
VICTORIA,8.0,1580,231,33334,35145,4.495660833689002,0.6572769953051643,94.84706217100583
WALKER,17.0,2436,279,36333,39048,6.238475722188077,0.7145052243392748,93.04701905347265
WALLER,10.0,1451,331,42332,44114,3.289205240966587,0.7503286938386907,95.96046606519472
WARD,23.0,355,36,6670,7061,5.02761648491715,0.5098427984704716,94.46254071661238
WASHINGTON,10.0,2297,268,23296,25861,8.882100460152353,1.0363095007926995,90.08159003905494
WEBB,2.0,23,471,10725,11219,0.20500935912291648,4.198235136821463,95.59675550405562
WEBB,7.0,39,802,19952,20793,0.1875631222045881,3.857067282258452,95.95536959553695
WEBB,9.0,36,1528,31489,33053,0.10891598342056698,4.6228784074062865,95.26820560917315
WEBB,18.0,38,1476,24688,26202,0.1450270971681551,5.633157774215709,94.22181512861614
WEBB,29.0,47,1078,21395,22520,0.20870337477797513,4.786856127886323,95.00444049733571
WEBB,36.0,24,320,8794,9138,0.2626395272488509,3.5018603633180128,96.23550010943313
WEBB,38.0,34,1175,24358,25567,0.13298392459029218,4.595767982164508,95.27124809324519
WHARTON,4.0,1954,195,24314,26463,7.383894494199448,0.7368779049994332,91.87922760080112
WHEELER,13.0,462,4,2954,3420,13.508771929824562,0.11695906432748539,86.37426900584795
WICHITA,13.0,3630,369,76111,80110,4.531269504431407,0.4606166521033579,95.00811384346524
WILBARGER,1.0,342,34,7758,8134,4.204573395623309,0.4179985247110892,95.3774280796656
WILLACY,34.0,36,445,11206,11687,0.30803456832377857,3.807649525113374,95.88431590656285
WILLIAMSON,10.0,785,686,30197,31668,2.478842996084375,2.1662245800176834,95.35493242389794
WILLIAMSON,17.0,909,847,51402,53158,1.7099966138680915,1.5933631814590465,96.69664020467286
WILLIAMSON,31.0,10004,4771,310670,325445,3.0739449062053494,1.4659927176635068,95.46006237613113
WILLIAMSON,37.0,476,915,35246,36637,1.2992330158036958,2.4974752299587846,96.20329175423751
WILSON,35.0,328,76,8243,8647,3.793223083150225,0.8789175436567596,95.32785937319301
WILSON,37.0,1525,156,28854,30535,4.994268871786475,0.5108891436056984,94.49484198460783
WINKLER,13.0,203,3,3873,4079,4.976709977935768,0.07354743809757293,94.94974258396665
WISE,6.0,649,43,11849,12541,5.1750259149988045,0.3428753687903676,94.48209871621083
WISE,25.0,2315,127,41001,43443,5.32882167437792,0.29233708537624015,94.37884124024583
WOOD,27.0,2397,166,33092,35655,6.722759781236853,0.4655728509325481,92.8116673678306
YOAKUM,11.0,463,1,3840,4304,10.757434944237918,0.023234200743494422,89.21933085501858
YOUNG,10.0,994,34,11379,12407,8.011606351253326,0.27403884903683406,91.71435479970984
ZAPATA,4.0,10,1209,6988,8207,0.12184720360667724,14.731326916047276,85.14682588034604
ZAVALA,27.0,5,864,6956,7825,0.06389776357827476,11.041533546325878,88.89456869009584
