County,Old_SD,New_SD,Old_Republican,Old_Democrat,Old_Other,Old_Total,Transition_Republican,Transition_Democrat,Transition_Other,Transition_Total,Pct_Old_Republican,Pct_Old_Democrat,Pct_Transition_Republican,Pct_Transition_Democrat
ANDERSON,3,11.0,2550,210,27926,30686,917,65,10267,11249,8.309978491820374,0.6843511699146191,8.151835718730553,0.5778291403680328
ANDERSON,3,17.0,2550,210,27926,30686,1632,145,17658,19435,8.309978491820374,0.6843511699146191,8.3972215075894,0.7460766658091073
ANDREWS,31,27.0,774,15,9974,10763,774,15,9974,10763,7.19130353990523,0.139366347672582,7.19130353990523,0.139366347672582
ANGELINA,3,3.0,3266,319,52526,56111,3266,319,52525,56110,5.820605585357595,0.5685159772593609,5.820709320976653,0.5685261094279095
ARANSAS,18,3.0,1406,147,18403,19956,1406,147,18403,19956,7.045500100220485,0.7366205652435358,7.045500100220485,0.7366205652435358
ARCHER,30,1.0,529,21,6475,7025,529,21,6466,7016,7.530249110320285,0.298932384341637,7.539908779931586,0.2993158494868871
ARMSTRONG,31,21.0,224,1,1215,1440,224,1,1215,1440,15.555555555555555,0.06944444444444445,15.555555555555555,0.06944444444444445
ATASCOSA,19,18.0,381,60,10163,10604,38,6,1883,1927,3.592983779705771,0.5658242172764995,1.9719771665801764,0.3113648157758173
ATASCOSA,19,4.0,381,60,10163,10604,343,54,8280,8677,3.592983779705771,0.5658242172764995,3.9529791402558487,0.6223349083784718
ATASCOSA,24,18.0,946,197,20468,21611,35,16,2705,2756,4.3774003979454905,0.9115728101429829,1.269956458635704,0.5805515239477503
ATASCOSA,24,4.0,946,197,20468,21611,676,136,13546,14358,4.3774003979454905,0.9115728101429829,4.708176626271069,0.9472071319125227
ATASCOSA,24,7.0,946,197,20468,21611,235,45,4217,4497,4.3774003979454905,0.9115728101429829,5.225706026239715,1.0006671114076051
AUSTIN,18,17.0,1347,123,20708,22178,168,19,2895,3082,6.073586437009649,0.5546036612859591,5.4510058403634005,0.6164828033744322
AUSTIN,18,13.0,1347,123,20708,22178,369,35,5301,5705,6.073586437009649,0.5546036612859591,6.468010517090271,0.6134969325153374
AUSTIN,18,6.0,1347,123,20708,22178,469,48,7010,7527,6.073586437009649,0.5546036612859591,6.230902085824366,0.6377042646472698
AUSTIN,18,11.0,1347,123,20708,22178,106,11,3542,3659,6.073586437009649,0.5546036612859591,2.896966384257994,0.3006285870456409
AUSTIN,18,4.0,1347,123,20708,22178,161,9,1343,1513,6.073586437009649,0.5546036612859591,10.641110376734964,0.5948446794448117
AUSTIN,18,7.0,1347,123,20708,22178,74,1,617,692,6.073586437009649,0.5546036612859591,10.69364161849711,0.1445086705202312
BAILEY,31,5.0,278,5,2906,3189,278,5,2905,3188,8.717466290373158,0.15678896205707119,8.720200752823086,0.15683814303638646
BANDERA,24,30.0,1369,142,17552,19063,1369,142,17552,19063,7.181450978334994,0.7448984944657189,7.181450978334994,0.7448984944657189
BASTROP,5,5.0,2704,1205,57611,61520,2704,1205,57611,61520,4.395318595578673,1.9587126137841353,4.395318595578673,1.9587126137841353
BAYLOR,28,21.0,147,13,2273,2433,147,13,2273,2433,6.041923551171394,0.5343197698314838,6.041923551171394,0.5343197698314838
BEE,27,3.0,522,98,15402,16022,522,98,15402,16022,3.2580202221944825,0.6116589689177382,3.2580202221944825,0.6116589689177382
BELL,24,24.0,6409,1985,232366,240760,6409,1985,232366,240760,2.661987041036717,0.8244725037381625,2.661987041036717,0.8244725037381625
BEXAR,19,19.0,4577,6785,440031,451393,4577,6785,440031,451393,1.0139723035137895,1.5031247715405422,1.0139723035137895,1.5031247715405422
BEXAR,25,25.0,10034,5325,269832,285191,10034,5325,269832,285191,3.5183438467553327,1.8671697213446428,3.5183438467553327,1.8671697213446428
BEXAR,26,26.0,7233,12741,527578,547552,7233,12741,527578,547552,1.320970428379405,2.326902285079773,1.320970428379405,2.326902285079773
BEXAR,21,21.0,222,127,11178,11527,222,127,11178,11527,1.925913073653162,1.1017610826754576,1.925913073653162,1.1017610826754576
BLANCO,25,14.0,887,205,9960,11052,887,205,9959,11051,8.025696706478465,1.8548678972131742,8.02642294814949,1.8550357433716407
BORDEN,31,2.0,72,0,415,487,72,0,415,487,14.784394250513348,0.0,14.784394250513348,0.0
BOSQUE,22,2.0,731,79,12884,13694,731,79,12884,13694,5.3381042792463855,0.5768949905067913,5.3381042792463855,0.5768949905067913
BOWIE,1,1.0,2422,383,60057,62862,2422,383,60057,62862,3.852884095319907,0.609271101778499,3.852884095319907,0.609271101778499
BRAZORIA,17,20.0,4909,554,71579,77042,3763,426,56767,60956,6.371849121258534,0.7190882895044262,6.173305334995734,0.6988647549051775
BRAZORIA,17,27.0,4909,554,71579,77042,1146,128,14812,16086,6.371849121258534,0.7190882895044262,7.124207385303991,0.7957229889344771
BRAZORIA,11,20.0,5529,2801,165135,173465,4853,2543,147192,154588,3.1873865044821725,1.6147349609431298,3.139312236396098,1.6450177245323054
BRAZORIA,11,27.0,5529,2801,165135,173465,676,258,17943,18877,3.1873865044821725,1.6147349609431298,3.581077501721672,1.366742596810934
BRAZOS,5,20.0,5148,949,127603,133700,3958,724,101442,106124,3.850411368735976,0.7097980553477936,3.72959933662508,0.6822207983114092
BRAZOS,5,27.0,5148,949,127603,133700,1190,225,26161,27576,3.850411368735976,0.7097980553477936,4.31534667827096,0.8159268929503918
BREWSTER,19,24.0,13,20,510,543,13,20,510,543,2.394106813996317,3.683241252302026,2.394106813996317,3.683241252302026
BREWSTER,29,24.0,292,238,6367,6897,292,238,6367,6897,4.233724807887487,3.4507756995795273,4.233724807887487,3.4507756995795273
BRISCOE,31,5.0,128,3,910,1041,128,3,910,1041,12.295869356388089,0.2881844380403458,12.295869356388089,0.2881844380403458
BROOKS,20,20.0,9,560,4382,4951,9,560,4382,4951,0.1817814582912543,11.310846293678045,0.1817814582912543,11.310846293678045
BROWN,10,11.0,1657,37,23904,25598,234,3,2578,2815,6.473161965778576,0.14454254238612393,8.312611012433392,0.10657193605683836
BROWN,10,15.0,1657,37,23904,25598,512,10,8242,8764,6.473161965778576,0.14454254238612393,5.842081241442264,0.11410314924691922
BROWN,10,6.0,1657,37,23904,25598,661,20,8804,9485,6.473161965778576,0.14454254238612393,6.9688982604111755,0.21085925144965736
BROWN,10,13.0,1657,37,23904,25598,210,2,3184,3396,6.473161965778576,0.14454254238612393,6.18374558303887,0.058892815076560655
BROWN,10,17.0,1657,37,23904,25598,40,2,1082,1124,6.473161965778576,0.14454254238612393,3.558718861209965,0.1779359430604982
BURLESON,18,24.0,734,111,13042,13887,734,111,13013,13858,5.285518830560957,0.7993087059840137,5.296579593014865,0.800981382594891
BURNET,24,3.0,2256,332,36711,39299,2256,332,36711,39299,5.74060408661798,0.8448052113285325,5.74060408661798,0.8448052113285325
CALDWELL,21,7.0,911,480,25791,27182,102,64,4039,4205,3.351482598778603,1.765874475756015,2.4256837098692032,1.521997621878716
CALDWELL,21,13.0,911,480,25791,27182,203,96,5651,5950,3.351482598778603,1.765874475756015,3.4117647058823533,1.6134453781512605
CALDWELL,21,6.0,911,480,25791,27182,311,141,8223,8675,3.351482598778603,1.765874475756015,3.585014409221902,1.6253602305475505
CALDWELL,21,4.0,911,480,25791,27182,125,121,2731,2977,3.351482598778603,1.765874475756015,4.198857910648304,4.064494457507558
CALDWELL,21,17.0,911,480,25791,27182,48,26,1815,1889,3.351482598778603,1.765874475756015,2.541026998411858,1.3763896241397564
CALDWELL,21,15.0,911,480,25791,27182,110,28,2348,2486,3.351482598778603,1.765874475756015,4.424778761061947,1.1263073209975865
CALDWELL,21,11.0,911,480,25791,27182,12,4,981,997,3.351482598778603,1.765874475756015,1.2036108324974923,0.4012036108324975
CALHOUN,18,27.0,611,83,12569,13263,611,83,12569,13263,4.606800874613587,0.6258011008067557,4.606800874613587,0.6258011008067557
CALLAHAN,10,21.0,679,18,9753,10450,679,18,9753,10450,6.497607655502392,0.17224880382775118,6.497607655502392,0.17224880382775118
CAMERON,27,6.0,1302,5089,232117,238508,556,1822,83376,85754,0.5458936387877975,2.1336810505307997,0.648366256967605,2.124682230566504
CAMERON,27,15.0,1302,5089,232117,238508,457,1729,82228,84414,0.5458936387877975,2.1336810505307997,0.5413793920439738,2.048238443860023
CAMERON,27,4.0,1302,5089,232117,238508,43,371,13171,13585,0.5458936387877975,2.1336810505307997,0.3165255796834744,2.730953257269047
CAMERON,27,7.0,1302,5089,232117,238508,64,342,12199,12605,0.5458936387877975,2.1336810505307997,0.5077350257834192,2.7132090440301466
CAMERON,27,11.0,1302,5089,232117,238508,57,285,14943,15285,0.5458936387877975,2.1336810505307997,0.3729146221786065,1.8645731108930326
CAMERON,27,13.0,1302,5089,232117,238508,117,485,23121,23723,0.5458936387877975,2.1336810505307997,0.49319226067529404,2.0444294566454495
CAMERON,27,18.0,1302,5089,232117,238508,8,50,2452,2510,0.5458936387877975,2.1336810505307997,0.3187250996015936,1.9920318725099602
CAMERON,27,17.0,1302,5089,232117,238508,0,5,627,632,0.5458936387877975,2.1336810505307997,0.0,0.7911392405063291
CAMP,1,1.0,510,81,7857,8448,510,81,7857,8448,6.036931818181818,0.9588068181818182,6.036931818181818,0.9588068181818182
CARSON,31,28.0,288,4,4007,4299,288,4,4007,4299,6.699232379623169,0.09304489416143288,6.699232379623169,0.09304489416143288
CASS,1,1.0,1291,73,20499,21863,1291,73,20498,21862,5.904953574532315,0.33389745231669943,5.905223675784466,0.3339127252767359
CASTRO,31,28.0,156,21,3525,3702,156,21,3525,3702,4.213938411669368,0.5672609400324149,4.213938411669368,0.5672609400324149
CHAMBERS,4,1.0,2377,126,34653,37156,2377,126,34653,37156,6.397351706319303,0.3391107761868877,6.397351706319303,0.3391107761868877
CHEROKEE,3,4.0,2242,221,29840,32303,2068,216,28079,30363,6.940531839148066,0.6841469832523295,6.810921186970985,0.7113921549254026
CHEROKEE,3,7.0,2242,221,29840,32303,174,5,1761,1940,6.940531839148066,0.6841469832523295,8.969072164948454,0.25773195876288657
CHILDRESS,28,25.0,276,4,3526,3806,276,4,3526,3806,7.251707829742513,0.10509721492380451,7.251707829742513,0.10509721492380451
CLAY,30,28.0,563,13,7734,8310,563,13,7734,8310,6.77496991576414,0.15643802647412755,6.77496991576414,0.15643802647412755
COCHRAN,31,28.0,62,2,1614,1678,57,2,1537,1596,3.6948748510131106,0.11918951132300357,3.571428571428571,0.12531328320802004
COCHRAN,31,30.0,62,2,1614,1678,5,0,77,82,3.6948748510131106,0.11918951132300357,6.097560975609756,0.0
COKE,31,18.0,172,3,2273,2448,172,3,2273,2448,7.026143790849673,0.12254901960784313,7.026143790849673,0.12254901960784313
COLEMAN,28,3.0,622,16,5519,6157,622,16,5519,6157,10.10232255968816,0.25986681825564395,10.10232255968816,0.25986681825564395
COLLIN,2,27.0,1614,1268,53325,56207,452,393,17241,18086,2.8715284573095876,2.2559467681961323,2.499170629215968,2.1729514541634414
COLLIN,2,20.0,1614,1268,53325,56207,1162,875,36084,38121,2.8715284573095876,2.2559467681961323,3.0481886624170405,2.295322787964639
COLLIN,8,27.0,19655,7643,587878,615176,7370,2890,236659,246919,3.195020611987464,1.2424086765413476,2.9847844839805764,1.1704243091864135
COLLIN,8,20.0,19655,7643,587878,615176,12285,4753,351219,368257,3.195020611987464,1.2424086765413476,3.3359854666713735,1.2906747190141667
COLLIN,30,27.0,1434,740,78213,80387,780,332,42581,43693,1.783870526328884,0.9205468545909165,1.7851829812555786,0.7598471150985284
COLLIN,30,20.0,1434,740,78213,80387,654,408,35632,36694,1.783870526328884,0.9205468545909165,1.7823077342344797,1.1118984030086663
COLLINGSWORTH,28,5.0,186,3,1703,1892,186,3,1700,1889,9.830866807610994,0.15856236786469344,9.846479618845951,0.15881418740074113
COLORADO,17,30.0,1110,88,13626,14824,540,27,5521,6088,7.487857528332434,0.5936319481921208,8.869908015768726,0.4434954007884363
COLORADO,17,28.0,1110,88,13626,14824,570,61,8104,8735,7.487857528332434,0.5936319481921208,6.525472238122496,0.6983400114481969
COMAL,25,25.0,6910,1310,135797,144017,6910,1310,135797,144017,4.798044675281391,0.9096148371372823,4.798044675281391,0.9096148371372823
COMANCHE,22,3.0,733,28,9297,10058,733,28,9296,10057,7.2877311592761975,0.27838536488367466,7.288455801929004,0.27841304563985286
CONCHO,28,28.0,141,6,1653,1800,141,6,1653,1800,7.833333333333334,0.33333333333333337,7.833333333333334,0.33333333333333337
COOKE,30,30.0,1547,96,28617,30260,1547,96,28617,30260,5.112359550561798,0.3172504957038995,5.112359550561798,0.3172504957038995
CORYELL,24,24.0,1816,222,45071,47109,1816,222,45070,47108,3.854889723831964,0.4712475323186653,3.8549715547253123,0.4712575358750106
COTTLE,28,31.0,130,4,861,995,130,4,861,995,13.06532663316583,0.4020100502512563,13.06532663316583,0.4020100502512563
CRANE,31,12.0,237,2,2438,2677,237,2,2438,2677,8.853193873739261,0.0747104968248039,8.853193873739261,0.0747104968248039
CROCKETT,19,21.0,72,36,2188,2296,72,36,2188,2296,3.1358885017421603,1.5679442508710801,3.1358885017421603,1.5679442508710801
CROSBY,28,27.0,177,8,3457,3642,103,3,1719,1825,4.85996705107084,0.21965952773201539,5.6438356164383565,0.16438356164383564
CROSBY,28,20.0,177,8,3457,3642,74,5,1732,1811,4.85996705107084,0.21965952773201539,4.086140254003314,0.27609055770292656
CULBERSON,29,29.0,4,296,1404,1704,4,296,1404,1704,0.2347417840375587,17.370892018779344,0.2347417840375587,17.370892018779344
DALLAM,31,18.0,116,2,2751,2869,116,2,2751,2869,4.043220634367375,0.06971070059254096,4.043220634367375,0.06971070059254096
DALLAS,12,12.0,6285,5207,210290,221782,6285,5207,210290,221782,2.833863884354907,2.3478009937686557,2.833863884354907,2.3478009937686557
DALLAS,23,23.0,3238,20828,496099,520165,3238,20828,496099,520165,0.6224947853085079,4.004114079186412,0.6224947853085079,4.004114079186412
DALLAS,16,16.0,6726,10370,460482,477578,6726,10370,460482,477578,1.4083563313217944,2.171373053197593,1.4083563313217944,2.171373053197593
DALLAS,2,2.0,5510,5159,241588,252257,5510,5159,241588,252257,2.1842803172954564,2.0451365076093033,2.1842803172954564,2.0451365076093033
DAWSON,31,3.0,420,3,6366,6789,420,3,6366,6789,6.18647812638091,0.04418912947414936,6.18647812638091,0.04418912947414936
DE WITT,18,22.0,713,38,10643,11394,713,38,10639,11390,6.257679480428295,0.3335088643145515,6.259877085162422,0.33362598770851626
DEAF SMITH,31,19.0,521,15,8242,8778,258,6,2397,2661,5.935292777398041,0.17088174982911825,9.695603156708005,0.2254791431792559
DEAF SMITH,31,29.0,521,15,8242,8778,263,9,5844,6116,5.935292777398041,0.17088174982911825,4.300196206671027,0.1471550032701112
DELTA,1,1.0,390,9,3721,4120,390,9,3721,4120,9.466019417475728,0.2184466019417476,9.466019417475728,0.2184466019417476
DENTON,30,30.0,8108,3406,323189,334703,8108,3406,323189,334703,2.4224461686928414,1.0176186051514329,2.4224461686928414,1.0176186051514329
DENTON,12,12.0,11140,3525,313980,328645,11140,3525,313980,328645,3.389675789986155,1.0725859209785633,3.389675789986155,1.0725859209785633
DENTON,0,26.0,0,0,5,5,0,0,1,1,0.0,0.0,0.0,0.0
DICKENS,28,29.0,148,5,1286,1439,88,3,794,885,10.284920083391244,0.34746351633078526,9.943502824858758,0.3389830508474576
DICKENS,28,19.0,148,5,1286,1439,60,2,491,553,10.284920083391244,0.34746351633078526,10.849909584086799,0.3616636528028933
DIMMIT,21,21.0,13,938,5767,6718,13,933,5720,6666,0.1935099732063114,13.962488835963086,0.19501950195019502,13.996399639963997
DONLEY,28,18.0,75,7,2338,2420,75,7,2328,2410,3.0991735537190084,0.2892561983471074,3.112033195020747,0.29045643153526973
DUVAL,21,5.0,13,919,7118,8050,13,919,7118,8050,0.16149068322981366,11.416149068322982,0.16149068322981366,11.416149068322982
EASTLAND,22,11.0,886,22,11656,12564,144,6,2241,2391,7.051894301177969,0.17510347023241007,6.022584692597239,0.2509410288582183
EASTLAND,22,17.0,886,22,11656,12564,742,16,9415,10173,7.051894301177969,0.17510347023241007,7.2938169664798975,0.15727907205347488
ECTOR,31,13.0,2731,287,83771,86789,596,73,19537,20206,3.14671214093952,0.3306870686377306,2.949618925071761,0.36127882807087003
ECTOR,31,6.0,2731,287,83771,86789,1219,98,28135,29452,3.14671214093952,0.3306870686377306,4.1389379329077824,0.33274480510661414
ECTOR,31,7.0,2731,287,83771,86789,135,21,6826,6982,3.14671214093952,0.3306870686377306,1.9335433973073617,0.30077341735892293
ECTOR,31,11.0,2731,287,83771,86789,50,5,4173,4228,3.14671214093952,0.3306870686377306,1.1825922421948913,0.11825922421948912
ECTOR,31,15.0,2731,287,83771,86789,452,60,13476,13988,3.14671214093952,0.3306870686377306,3.231341149556763,0.42893909064912783
ECTOR,31,17.0,2731,287,83771,86789,136,20,4981,5137,3.14671214093952,0.3306870686377306,2.647459606774382,0.3893322951138797
ECTOR,31,4.0,2731,287,83771,86789,143,10,6643,6796,3.14671214093952,0.3306870686377306,2.104178928781636,0.14714537963507945
EDWARDS,19,5.0,139,5,1357,1501,139,5,1355,1499,9.260493004663557,0.3331112591605596,9.272848565710474,0.333555703802535
EL PASO,29,8.0,3117,12453,508124,523694,2714,10578,443496,456788,0.5951949038942589,2.3779153475120967,0.5941487079345341,2.315735089363118
EL PASO,29,30.0,3117,12453,508124,523694,121,672,21060,21853,0.5951949038942589,2.3779153475120967,0.5536997208621242,3.0750926646227064
EL PASO,29,2.0,3117,12453,508124,523694,282,1203,43567,45052,0.5951949038942589,2.3779153475120967,0.625943354346089,2.6702477137529965
ELLIS,22,13.0,3523,1003,90411,94937,618,136,14675,15429,3.710881953295343,1.05649009343038,4.005444293214078,0.8814569965649102
ELLIS,22,7.0,3523,1003,90411,94937,180,77,5755,6012,3.710881953295343,1.05649009343038,2.9940119760479043,1.2807717897538258
ELLIS,22,17.0,3523,1003,90411,94937,105,79,6241,6425,3.710881953295343,1.05649009343038,1.634241245136187,1.2295719844357975
ELLIS,22,11.0,3523,1003,90411,94937,470,90,10024,10584,3.710881953295343,1.05649009343038,4.440665154950869,0.8503401360544218
ELLIS,22,6.0,3523,1003,90411,94937,850,277,24024,25151,3.710881953295343,1.05649009343038,3.379587292751779,1.1013478589320504
ELLIS,22,18.0,3523,1003,90411,94937,325,102,5885,6312,3.710881953295343,1.05649009343038,5.1489226869455,1.6159695817490494
ELLIS,22,15.0,3523,1003,90411,94937,975,242,23807,25024,3.710881953295343,1.05649009343038,3.896259590792839,0.967071611253197
ELLIS,2,13.0,2116,461,50230,52807,473,120,12425,13018,4.007044520612797,0.8729903232525991,3.6334306345060687,0.9218005838070364
ELLIS,2,7.0,2116,461,50230,52807,304,71,5777,6152,4.007044520612797,0.8729903232525991,4.9414824447334205,1.1540962288686607
ELLIS,2,17.0,2116,461,50230,52807,73,10,1342,1425,4.007044520612797,0.8729903232525991,5.12280701754386,0.7017543859649122
ELLIS,2,11.0,2116,461,50230,52807,321,41,5837,6199,4.007044520612797,0.8729903232525991,5.1782545571866425,0.6613969995160509
ELLIS,2,6.0,2116,461,50230,52807,442,53,8020,8515,4.007044520612797,0.8729903232525991,5.190839694656488,0.6224310041103934
ELLIS,2,18.0,2116,461,50230,52807,28,37,3115,3180,4.007044520612797,0.8729903232525991,0.8805031446540881,1.1635220125786163
ELLIS,2,15.0,2116,461,50230,52807,346,95,9522,9963,4.007044520612797,0.8729903232525991,3.4728495433102484,0.9535280537990566
ELLIS,2,4.0,2116,461,50230,52807,129,34,4192,4355,4.007044520612797,0.8729903232525991,2.9621125143513205,0.7807118254879449
ELLIS,0,13.0,0,0,2,2,0,0,1,1,0.0,0.0,0.0,0.0
ERATH,22,27.0,2147,101,23800,26048,2147,101,23800,26048,8.24247542997543,0.38774570024570026,8.24247542997543,0.38774570024570026
FALLS,22,13.0,364,75,10154,10593,111,38,3798,3947,3.436231473614651,0.7080147267063155,2.8122624778312644,0.9627565239422345
FALLS,22,6.0,364,75,10154,10593,168,31,4390,4589,3.436231473614651,0.7080147267063155,3.660928306820658,0.6755284375680977
FALLS,22,4.0,364,75,10154,10593,44,0,749,793,3.436231473614651,0.7080147267063155,5.548549810844893,0.0
FALLS,22,15.0,364,75,10154,10593,24,4,779,807,3.436231473614651,0.7080147267063155,2.973977695167286,0.49566294919454773
FALLS,22,17.0,364,75,10154,10593,17,2,438,457,3.436231473614651,0.7080147267063155,3.7199124726477026,0.437636761487965
FANNIN,1,5.0,1485,96,23402,24983,1485,96,23401,24982,5.944041948524998,0.38426129768242406,5.9442798815146904,0.38427667920903047
FAYETTE,18,18.0,1801,141,16456,18398,1801,141,16456,18398,9.789107511686053,0.7663876508316121,9.789107511686053,0.7663876508316121
FISHER,28,3.0,117,19,2586,2722,117,19,2586,2722,4.298310066127847,0.698016164584864,4.298310066127847,0.698016164584864
FLOYD,28,2.0,354,5,3308,3667,354,5,3306,3665,9.65366784837742,0.13635124079629124,9.65893587994543,0.1364256480218281
FOARD,28,17.0,52,7,749,808,52,7,749,808,6.435643564356436,0.8663366336633664,6.435643564356436,0.8663366336633664
FORT BEND,13,13.0,1618,5234,124362,131214,1618,5234,124362,131214,1.2331001265108907,3.9889036230889996,1.2331001265108907,3.9889036230889996
FORT BEND,18,18.0,5604,3613,229655,238872,5604,3613,229655,238872,2.346026323721491,1.5125255366891055,2.346026323721491,1.5125255366891055
FORT BEND,17,17.0,6840,2529,176307,185676,6840,2529,176307,185676,3.6838363601111612,1.3620500226200478,3.6838363601111612,1.3620500226200478
FRANKLIN,1,14.0,557,34,7044,7635,557,34,7044,7635,7.295350360183366,0.4453176162409954,7.295350360183366,0.4453176162409954
FREESTONE,5,1.0,897,85,12470,13452,897,85,12468,13450,6.668153434433541,0.631876300921796,6.669144981412639,0.6319702602230484
FRIO,19,3.0,83,707,8755,9545,83,707,8747,9537,0.8695652173913043,7.407019381875328,0.8702946419209394,7.413232672748244
GAINES,31,21.0,583,11,9907,10501,583,11,9907,10501,5.551852204551948,0.1047519283877726,5.551852204551948,0.1047519283877726
GALVESTON,11,11.0,8685,2881,232267,243833,8685,2881,232267,243833,3.5618640626986506,1.181546386256167,3.5618640626986506,1.181546386256167
GALVESTON,4,4.0,179,20,2315,2514,179,20,2315,2514,7.120127287191726,0.7955449482895784,7.120127287191726,0.7955449482895784
GARZA,28,22.0,227,6,2420,2653,227,6,2419,2652,8.556351300414624,0.22615906520919715,8.559577677224736,0.22624434389140274
GILLESPIE,24,17.0,2280,252,19399,21931,1485,186,13463,15134,10.39624276138799,1.149058410469199,9.812343068587287,1.2290207479846704
GILLESPIE,24,11.0,2280,252,19399,21931,795,66,5935,6796,10.39624276138799,1.149058410469199,11.698057680988818,0.9711595055915244
GLASSCOCK,31,18.0,146,2,696,844,146,2,696,844,17.298578199052134,0.23696682464454977,17.298578199052134,0.23696682464454977
GOLIAD,18,8.0,616,33,5199,5848,616,33,5199,5848,10.533515731874145,0.5642954856361149,10.533515731874145,0.5642954856361149
GONZALES,18,29.0,962,42,12201,13205,962,42,12201,13205,7.285119273002651,0.31806134040136314,7.285119273002651,0.31806134040136314
GRAY,28,28.0,922,6,11426,12354,922,6,11423,12351,7.4631698235389345,0.04856726566294317,7.464982592502631,0.048579062424095217
GRAYSON,30,6.0,4743,502,95136,100381,1773,192,35435,37400,4.724997758539963,0.5000946394237953,4.740641711229947,0.5133689839572192
GRAYSON,30,15.0,4743,502,95136,100381,988,94,20793,21875,4.724997758539963,0.5000946394237953,4.516571428571429,0.4297142857142857
GRAYSON,30,17.0,4743,502,95136,100381,28,4,726,758,4.724997758539963,0.5000946394237953,3.6939313984168867,0.5277044854881267
GRAYSON,30,11.0,4743,502,95136,100381,421,18,6732,7171,4.724997758539963,0.5000946394237953,5.870868777018547,0.2510110165946172
GRAYSON,30,7.0,4743,502,95136,100381,197,12,3235,3444,4.724997758539963,0.5000946394237953,5.720092915214867,0.34843205574912894
GRAYSON,30,13.0,4743,502,95136,100381,1281,156,25872,27309,4.724997758539963,0.5000946394237953,4.690761287487642,0.571240250466879
GRAYSON,30,4.0,4743,502,95136,100381,55,26,2343,2424,4.724997758539963,0.5000946394237953,2.268976897689769,1.0726072607260726
GREGG,1,3.0,3195,789,72471,76455,3193,787,72419,76399,4.178928781636257,1.0319795958406905,4.179374075576906,1.030118195264336
GRIMES,18,20.0,1057,109,19995,21161,743,64,13632,14439,4.995038041680449,0.5150985303152025,5.1457857192326335,0.4432439919662026
GRIMES,18,27.0,1057,109,19995,21161,311,45,6214,6570,4.995038041680449,0.5150985303152025,4.7336377473363775,0.684931506849315
GUADALUPE,19,6.0,1196,238,23508,24942,544,123,10431,11098,4.7951246892791275,0.9542137759602278,4.901784105244189,1.1083078032077853
GUADALUPE,19,15.0,1196,238,23508,24942,154,31,4564,4749,4.7951246892791275,0.9542137759602278,3.242787955359023,0.6527690040008423
GUADALUPE,19,7.0,1196,238,23508,24942,1,2,254,257,4.7951246892791275,0.9542137759602278,0.38910505836575876,0.7782101167315175
GUADALUPE,19,13.0,1196,238,23508,24942,312,55,5996,6363,4.7951246892791275,0.9542137759602278,4.903347477604903,0.8643721515008643
GUADALUPE,19,17.0,1196,238,23508,24942,166,20,2039,2225,4.7951246892791275,0.9542137759602278,7.460674157303371,0.8988764044943821
GUADALUPE,19,4.0,1196,238,23508,24942,19,7,224,250,4.7951246892791275,0.9542137759602278,7.6,2.8000000000000003
GUADALUPE,25,6.0,2588,884,86731,90203,512,173,18575,19260,2.8690841768012154,0.9800117512721307,2.6583592938733127,0.8982346832814122
GUADALUPE,25,15.0,2588,884,86731,90203,474,128,12000,12602,2.8690841768012154,0.9800117512721307,3.7613077289319152,1.0157117917790826
GUADALUPE,25,11.0,2588,884,86731,90203,555,248,19698,20501,2.8690841768012154,0.9800117512721307,2.7071850153651043,1.2096970879469295
GUADALUPE,25,7.0,2588,884,86731,90203,451,142,16724,17317,2.8690841768012154,0.9800117512721307,2.6043772015938096,0.8200034648033724
GUADALUPE,25,13.0,2588,884,86731,90203,220,99,10055,10374,2.8690841768012154,0.9800117512721307,2.120686331212647,0.9543088490456911
GUADALUPE,25,17.0,2588,884,86731,90203,376,94,9679,10149,2.8690841768012154,0.9800117512721307,3.7047985023154992,0.9261996255788748
GUADALUPE,21,6.0,803,96,14939,15838,318,43,8025,8386,5.0700846066422525,0.6061371385275919,3.79203434295254,0.5127593608394944
GUADALUPE,21,15.0,803,96,14939,15838,186,23,2720,2929,5.0700846066422525,0.6061371385275919,6.350290201433936,0.7852509388869922
GUADALUPE,21,7.0,803,96,14939,15838,114,9,1210,1333,5.0700846066422525,0.6061371385275919,8.552138034508626,0.6751687921980495
GUADALUPE,21,13.0,803,96,14939,15838,126,14,2249,2389,5.0700846066422525,0.6061371385275919,5.274173294265383,0.5860192549183758
GUADALUPE,21,4.0,803,96,14939,15838,59,7,735,801,5.0700846066422525,0.6061371385275919,7.365792759051186,0.8739076154806492
HALE,28,15.0,846,43,17411,18300,288,14,5547,5849,4.6229508196721305,0.23497267759562843,4.923918618567277,0.23935715506924257
HALE,28,13.0,846,43,17411,18300,114,10,3498,3622,4.6229508196721305,0.23497267759562843,3.147432357813363,0.27609055770292656
HALE,28,6.0,846,43,17411,18300,127,10,3613,3750,4.6229508196721305,0.23497267759562843,3.386666666666667,0.26666666666666666
HALE,28,7.0,846,43,17411,18300,229,8,2924,3161,4.6229508196721305,0.23497267759562843,7.244542866181589,0.2530844669408415
HALE,28,4.0,846,43,17411,18300,36,0,1047,1083,4.6229508196721305,0.23497267759562843,3.32409972299169,0.0
HALE,28,11.0,846,43,17411,18300,52,1,723,776,4.6229508196721305,0.23497267759562843,6.701030927835052,0.12886597938144329
HALL,31,31.0,78,6,1807,1891,78,6,1806,1890,4.1248016922263355,0.31729243786356426,4.1269841269841265,0.31746031746031744
HAMILTON,22,1.0,561,25,5694,6280,561,25,5694,6280,8.93312101910828,0.3980891719745223,8.93312101910828,0.3980891719745223
HANSFORD,31,3.0,375,2,2633,3010,375,2,2633,3010,12.458471760797343,0.0664451827242525,12.458471760797343,0.0664451827242525
HARDEMAN,28,3.0,88,5,2302,2395,88,5,2302,2395,3.674321503131524,0.20876826722338201,3.674321503131524,0.20876826722338201
HARDIN,3,1.0,1383,76,41782,43241,1383,72,41758,43213,3.198353414583382,0.17575911750422052,3.2004257977923314,0.16661652743387406
HARRIS,13,13.0,1612,11174,357174,369960,1612,11174,357174,369960,0.43572278084117205,3.020326521786139,0.43572278084117205,3.020326521786139
HARRIS,6,6.0,2603,6324,416313,425240,2603,6324,416313,425240,0.6121249176935377,1.4871601918916377,0.6121249176935377,1.4871601918916377
HARRIS,17,17.0,7332,3863,228912,240107,7332,3863,228912,240107,3.0536385861303503,1.608866047220614,3.0536385861303503,1.608866047220614
HARRIS,4,4.0,6446,2312,207546,216304,6446,2312,207546,216304,2.9800650935720094,1.0688660403876025,2.9800650935720094,1.0688660403876025
HARRIS,7,7.0,14409,5806,559719,579934,14409,5806,559719,579934,2.4845930743843265,1.0011484065428133,2.4845930743843265,1.0011484065428133
HARRIS,11,11.0,5685,2585,197227,205497,5685,2585,197227,205497,2.7664637439962627,1.2579259064609216,2.7664637439962627,1.2579259064609216
HARRIS,15,15.0,7181,15085,542753,565019,7181,15085,542753,565019,1.27093071206455,2.6698217228093215,1.27093071206455,2.6698217228093215
HARRIS,18,18.0,1039,1025,93268,95332,1039,1025,93268,95332,1.0898753828724876,1.0751898627952838,1.0898753828724876,1.0751898627952838
HARRISON,1,1.0,2567,402,44463,47432,2567,402,44462,47431,5.411958171698431,0.8475290942823409,5.412072273407687,0.8475469629567159
HARTLEY,31,31.0,229,6,2618,2853,229,6,2618,2853,8.026638626007712,0.2103049421661409,8.026638626007712,0.2103049421661409
HASKELL,28,24.0,101,17,3333,3451,101,17,3333,3451,2.9266879165459287,0.49261083743842365,2.9266879165459287,0.49261083743842365
HAYS,21,6.0,1335,2305,115273,118913,362,634,39441,40437,1.1226695146872083,1.9383919335985131,0.8952197245097313,1.5678710092242254
HAYS,21,7.0,1335,2305,115273,118913,230,279,10512,11021,1.1226695146872083,1.9383919335985131,2.0869249614372563,2.5315307140912804
HAYS,21,13.0,1335,2305,115273,118913,367,646,35996,37009,1.1226695146872083,1.9383919335985131,0.9916506795644302,1.7455213596692696
HAYS,21,4.0,1335,2305,115273,118913,51,185,6746,6982,1.1226695146872083,1.9383919335985131,0.73044972787167,2.6496705814952737
HAYS,21,15.0,1335,2305,115273,118913,303,501,16166,16970,1.1226695146872083,1.9383919335985131,1.7855038302887447,2.9522687094873308
HAYS,21,17.0,1335,2305,115273,118913,22,60,6412,6494,1.1226695146872083,1.9383919335985131,0.3387742531567601,0.9239297813366184
HAYS,25,6.0,2722,2006,62415,67143,525,280,10242,11047,4.054033927587388,2.987653217759111,4.752421471892822,2.534624785009505
HAYS,25,7.0,2722,2006,62415,67143,417,300,12061,12778,4.054033927587388,2.987653217759111,3.263421505712944,2.3477852559085925
HAYS,25,13.0,2722,2006,62415,67143,766,619,13392,14777,4.054033927587388,2.987653217759111,5.183731474588888,4.188942275157339
HAYS,25,15.0,2722,2006,62415,67143,451,318,11137,11906,4.054033927587388,2.987653217759111,3.788006047371074,2.6709222240886947
HAYS,25,17.0,2722,2006,62415,67143,387,345,13286,14018,4.054033927587388,2.987653217759111,2.7607361963190185,2.4611214153231558
HAYS,25,11.0,2722,2006,62415,67143,176,144,2297,2617,4.054033927587388,2.987653217759111,6.725257928926251,5.50248376003057
HEMPHILL,31,13.0,268,5,2074,2347,111,0,1014,1125,11.418832552194292,0.21303792074989347,9.866666666666667,0.0
HEMPHILL,31,6.0,268,5,2074,2347,154,2,975,1131,11.418832552194292,0.21303792074989347,13.61626878868258,0.17683465959328026
HEMPHILL,31,17.0,268,5,2074,2347,3,3,85,91,11.418832552194292,0.21303792074989347,3.296703296703297,3.296703296703297
HENDERSON,3,3.0,3201,335,56208,59744,3201,335,56166,59702,5.357860203535083,0.5607257632565613,5.361629426149878,0.5611202304780409
HIDALGO,20,4.0,1365,8124,293882,303371,112,532,15856,16500,0.44994412781709525,2.67790922665647,0.6787878787878788,3.2242424242424237
HIDALGO,20,6.0,1365,8124,293882,303371,638,3552,120643,124833,0.44994412781709525,2.67790922665647,0.5110828066296572,2.8454014563456775
HIDALGO,20,15.0,1365,8124,293882,303371,284,1748,64790,66822,0.44994412781709525,2.67790922665647,0.42500972733530873,2.615904941486337
HIDALGO,20,13.0,1365,8124,293882,303371,221,1363,53137,54721,0.44994412781709525,2.67790922665647,0.40386688839750734,2.490817053781912
HIDALGO,20,17.0,1365,8124,293882,303371,40,218,16825,17083,0.44994412781709525,2.67790922665647,0.23415091026166365,1.2761224609260668
HIDALGO,20,11.0,1365,8124,293882,303371,24,384,10979,11387,0.44994412781709525,2.67790922665647,0.21076666373935188,3.37226661982963
HIDALGO,20,7.0,1365,8124,293882,303371,28,190,5178,5396,0.44994412781709525,2.67790922665647,0.5189028910303929,3.5211267605633805
HIDALGO,20,18.0,1365,8124,293882,303371,18,137,6474,6629,0.44994412781709525,2.67790922665647,0.27153416804947955,2.0666767234877055
HIDALGO,27,4.0,404,3453,139933,143790,5,57,5980,6042,0.28096529661311637,2.401418735656165,0.0827540549486925,0.9433962264150944
HIDALGO,27,6.0,404,3453,139933,143790,88,534,27610,28232,0.28096529661311637,2.401418735656165,0.3117030320204024,1.891470671578351
HIDALGO,27,15.0,404,3453,139933,143790,137,1263,56392,57792,0.28096529661311637,2.401418735656165,0.23705703211517165,2.185423588039867
HIDALGO,27,13.0,404,3453,139933,143790,50,663,20603,21316,0.28096529661311637,2.401418735656165,0.23456558453743667,3.1103396509664103
HIDALGO,27,17.0,404,3453,139933,143790,16,87,3105,3208,0.28096529661311637,2.401418735656165,0.4987531172069825,2.711970074812968
HIDALGO,27,11.0,404,3453,139933,143790,15,329,7041,7385,0.28096529661311637,2.401418735656165,0.2031144211238998,4.454976303317536
HIDALGO,27,7.0,404,3453,139933,143790,93,520,19202,19815,0.28096529661311637,2.401418735656165,0.4693414080242241,2.624274539490285
HILL,22,10.0,1320,110,25458,26888,1320,110,25454,26884,4.909253198452841,0.4091044332044035,4.909983633387888,0.4091653027823241
HOCKLEY,28,28.0,831,26,13153,14010,831,26,13152,14009,5.931477516059957,0.185581727337616,5.931900920836605,0.1855949746591477
HOOD,22,13.0,3790,189,47845,51824,657,33,7128,7818,7.313213954924359,0.364695893794381,8.403683806600155,0.422102839600921
HOOD,22,6.0,3790,189,47845,51824,1626,83,21943,23652,7.313213954924359,0.364695893794381,6.874682902080162,0.3509216979536614
HOOD,22,15.0,3790,189,47845,51824,621,27,5847,6495,7.313213954924359,0.364695893794381,9.56120092378753,0.41570438799076215
HOOD,22,7.0,3790,189,47845,51824,414,20,6365,6799,7.313213954924359,0.364695893794381,6.089130754522723,0.29416090601559053
HOOD,22,4.0,3790,189,47845,51824,207,15,3371,3593,7.313213954924359,0.364695893794381,5.761202337879209,0.4174784302811021
HOOD,22,17.0,3790,189,47845,51824,254,10,2501,2765,7.313213954924359,0.364695893794381,9.18625678119349,0.3616636528028933
HOOD,22,11.0,3790,189,47845,51824,11,1,689,701,7.313213954924359,0.364695893794381,1.5691868758915835,0.14265335235378032
HOPKINS,1,1.0,1308,98,24048,25454,1308,98,24047,25453,5.138681543175925,0.38500825017678947,5.138883432208384,0.3850233764192826
HOUSTON,3,27.0,1019,129,12789,13937,1019,129,12789,13937,7.311473057329411,0.9255937432733014,7.311473057329411,0.9255937432733014
HOWARD,31,31.0,793,52,16394,17239,745,52,15633,16430,4.600034804803063,0.30164162654446314,4.534388314059647,0.31649421789409615
HUDSPETH,29,29.0,61,36,2118,2215,61,36,2115,2212,2.7539503386004514,1.6252821670428894,2.7576853526220613,1.62748643761302
HUNT,8,8.0,2841,269,69920,73030,2841,269,69918,73028,3.8901821169382447,0.36834177735177326,3.8902886564057626,0.36835186503806755
HUTCHINSON,31,8.0,1034,28,12412,13474,1034,28,12412,13474,7.674038889713522,0.20780762950868337,7.674038889713522,0.20780762950868337
IRION,31,31.0,133,2,1099,1234,133,2,1099,1234,10.777957860615883,0.1620745542949757,10.777957860615883,0.1620745542949757
JACK,30,17.0,550,10,5310,5870,550,10,5309,5869,9.369676320272573,0.17035775127768313,9.371272789231554,0.17038677798602828
JACKSON,17,31.0,623,30,9271,9924,623,30,9271,9924,6.277710600564289,0.3022974607013301,6.277710600564289,0.3022974607013301
JASPER,3,1.0,1712,162,22709,24583,1711,162,22702,24575,6.964162225928487,0.658991986332018,6.96236012207528,0.659206510681587
JEFF DAVIS,29,3.0,187,39,1349,1575,187,39,1346,1572,11.873015873015873,2.4761904761904763,11.895674300254452,2.480916030534351
JEFFERSON,4,20.0,719,1015,34487,36221,501,733,24173,25407,1.9850363049059936,2.8022417934347477,1.9718975085606327,2.885031684181525
JEFFERSON,4,27.0,719,1015,34487,36221,218,282,10314,10814,1.9850363049059936,2.8022417934347477,2.0159053079341596,2.607730719437766
JEFFERSON,3,20.0,2415,3522,106037,111974,1769,1908,68867,72544,2.1567506742636686,3.145373033025524,2.4385200705778565,2.630127922364358
JEFFERSON,3,27.0,2415,3522,106037,111974,646,1614,37170,39430,2.1567506742636686,3.145373033025524,1.6383464367233072,4.09332995181334
JIM HOGG,21,3.0,4,584,2970,3558,4,584,2970,3558,0.11242270938729623,16.41371557054525,0.11242270938729623,16.41371557054525
JIM WELLS,20,22.0,247,1440,24793,26480,247,1440,24793,26480,0.9327794561933535,5.438066465256798,0.9327794561933535,5.438066465256798
JOHNSON,10,3.0,4856,636,123820,129312,3898,527,96808,101233,3.755258599356595,0.49183370452858205,3.8505230507838357,0.5205812333922732
JOHNSON,10,4.0,4856,636,123820,129312,958,109,27012,28079,3.755258599356595,0.49183370452858205,3.4118024146159054,0.3881904626233128
JONES,28,18.0,395,26,10476,10897,395,26,10476,10897,3.6248508763879963,0.23859777920528588,3.6248508763879963,0.23859777920528588
KARNES,21,1.0,413,36,8018,8467,413,36,8018,8467,4.877760718081965,0.4251801110192512,4.877760718081965,0.4251801110192512
KAUFMAN,2,27.0,4187,789,103279,108255,1526,204,30484,32214,3.8677197358089694,0.7288346958570043,4.737070838765754,0.633265040044701
KAUFMAN,2,20.0,4187,789,103279,108255,2661,585,72783,76029,3.8677197358089694,0.7288346958570043,3.499980270686186,0.7694432387641558
KENDALL,25,19.0,2711,324,36053,39088,1066,127,13609,14802,6.935632419156774,0.8288988948014737,7.201729496014051,0.8579921632211863
KENDALL,25,26.0,2711,324,36053,39088,1045,140,15861,17046,6.935632419156774,0.8288988948014737,6.130470491610935,0.821307051507685
KENDALL,25,25.0,2711,324,36053,39088,600,57,6583,7240,6.935632419156774,0.8288988948014737,8.287292817679557,0.7872928176795579
KENEDY,27,27.0,2,34,235,271,2,34,234,270,0.7380073800738007,12.546125461254611,0.7407407407407408,12.592592592592592
KENT,28,25.0,48,6,546,600,48,6,546,600,8.0,1.0,8.0,1.0
KERR,24,24.0,3492,406,36321,40219,3492,406,36321,40219,8.68246351227032,1.00947313458813,8.68246351227032,1.00947313458813
KIMBLE,24,17.0,452,10,2864,3326,319,5,2174,2498,13.58989777510523,0.30066145520144316,12.770216172938351,0.20016012810248196
KIMBLE,24,11.0,452,10,2864,3326,133,5,690,828,13.58989777510523,0.30066145520144316,16.062801932367147,0.6038647342995169
KING,28,29.0,22,0,143,165,22,0,143,165,13.333333333333334,0.0,13.333333333333334,0.0
KINNEY,19,20.0,286,22,1866,2174,286,22,1866,2174,13.155473781048757,1.011959521619135,13.155473781048757,1.011959521619135
KLEBERG,27,27.0,434,376,17931,18741,140,105,4740,4985,2.3157782402219733,2.0062963555840136,2.8084252758274824,2.106318956870612
KLEBERG,27,20.0,434,376,17931,18741,294,271,13191,13756,2.3157782402219733,2.0062963555840136,2.1372492003489385,1.970049432974702
KNOX,28,24.0,57,4,2168,2229,57,4,2168,2229,2.557200538358008,0.1794526693584567,2.557200538358008,0.1794526693584567
LA SALLE,21,3.0,14,668,3535,4217,14,668,3535,4217,0.3319895660422101,15.84064500829974,0.3319895660422101,15.84064500829974
LAMAR,1,1.0,1862,151,31181,33194,1862,151,31181,33194,5.609447490510333,0.45490148822076276,5.609447490510333,0.45490148822076276
LAMB,28,5.0,353,17,7532,7902,353,17,7532,7902,4.467223487724627,0.21513540875727666,4.467223487724627,0.21513540875727666
LAMPASAS,24,3.0,1153,125,15705,16983,1153,125,15705,16983,6.789142083259731,0.7360301477948538,6.789142083259731,0.7360301477948538
LAVACA,18,18.0,1083,48,13363,14494,1083,48,13363,14494,7.472057403063337,0.33117151924934457,7.472057403063337,0.33117151924934457
LEE,18,5.0,928,80,11193,12201,928,80,11193,12201,7.605933939840996,0.6556839603311204,7.605933939840996,0.6556839603311204
LEON,5,1.0,934,38,11710,12682,934,38,11710,12682,7.364768963885822,0.2996372811859328,7.364768963885822,0.2996372811859328
LIBERTY,3,3.0,3038,208,51455,54701,3038,208,51448,54694,5.553828997641725,0.3802489899636204,5.554539803269097,0.3802976560500238
LIMESTONE,5,28.0,1066,75,13332,14473,1066,75,13332,14473,7.365439093484419,0.518206315207628,7.365439093484419,0.518206315207628
LIPSCOMB,31,31.0,144,1,1677,1822,144,1,1677,1822,7.903402854006586,0.054884742041712405,7.903402854006586,0.054884742041712405
LIVE OAK,21,21.0,478,34,7283,7795,478,34,7283,7795,6.132135984605516,0.43617703656189866,6.132135984605516,0.43617703656189866
LLANO,24,6.0,1836,203,16458,18497,361,37,3384,3782,9.92593393523274,1.0974752662593934,9.545214172395559,0.9783183500793231
LLANO,24,15.0,1836,203,16458,18497,1191,143,9008,10342,9.92593393523274,1.0974752662593934,11.51614774705086,1.3827112744150067
LLANO,24,13.0,1836,203,16458,18497,62,1,735,798,9.92593393523274,1.0974752662593934,7.769423558897243,0.12531328320802004
LLANO,24,11.0,1836,203,16458,18497,222,22,3331,3575,9.92593393523274,1.0974752662593934,6.20979020979021,0.6153846153846154
LOVING,31,1.0,9,5,115,129,9,5,115,129,6.976744186046512,3.875968992248062,6.976744186046512,3.875968992248062
LUBBOCK,28,20.0,8684,1137,187794,197615,5199,662,104475,110336,4.394403258861929,0.5753611820965008,4.711970707656612,0.5999854988399071
LUBBOCK,28,27.0,8684,1137,187794,197615,3483,475,83273,87231,4.394403258861929,0.5753611820965008,3.9928465797709527,0.5445311873072646
LYNN,28,29.0,130,4,4255,4389,130,4,4254,4388,2.961950330371383,0.09113693324219639,2.962625341841386,0.09115770282588878
MADISON,5,31.0,763,16,7699,8478,763,16,7699,8478,8.999764095305498,0.1887237556027365,8.999764095305498,0.1887237556027365
MARION,1,4.0,366,53,7428,7847,366,53,7428,7847,4.66420288008156,0.6754173569517014,4.66420288008156,0.6754173569517014
MARTIN,31,2.0,312,1,3196,3509,312,1,3196,3509,8.891422057566258,0.028498147620404674,8.891422057566258,0.028498147620404674
MASON,28,13.0,393,20,2879,3292,71,2,713,786,11.938031591737545,0.6075334143377886,9.033078880407125,0.2544529262086514
MASON,28,7.0,393,20,2879,3292,97,12,717,826,11.938031591737545,0.6075334143377886,11.743341404358354,1.4527845036319613
MASON,28,6.0,393,20,2879,3292,225,6,1449,1680,11.938031591737545,0.6075334143377886,13.392857142857142,0.35714285714285715
MATAGORDA,17,17.0,1373,172,20900,22445,1373,172,20900,22445,6.117175317442638,0.7663176654043217,6.117175317442638,0.7663176654043217
MAVERICK,19,2.0,64,2824,33063,35951,64,2824,33060,35948,0.1780200828906011,7.855136157547774,0.17803493935684878,7.855791699120952
MCCULLOCH,28,17.0,579,14,4850,5443,579,14,4848,5441,10.63751607569355,0.25721109682160576,10.64142620841757,0.2573056423451571
MCLENNAN,22,11.0,6115,1260,152468,159843,718,129,13419,14266,3.8256288983565123,0.7882734933653648,5.032945464741343,0.9042478620496284
MCLENNAN,22,15.0,6115,1260,152468,159843,1991,441,54162,56594,3.8256288983565123,0.7882734933653648,3.5180407817083084,0.7792345478319257
MCLENNAN,22,13.0,6115,1260,152468,159843,329,116,15815,16260,3.8256288983565123,0.7882734933653648,2.023370233702337,0.7134071340713407
MCLENNAN,22,6.0,6115,1260,152468,159843,2382,482,55451,58315,3.8256288983565123,0.7882734933653648,4.084712338163423,0.8265454857240848
MCLENNAN,22,7.0,6115,1260,152468,159843,274,32,6153,6459,3.8256288983565123,0.7882734933653648,4.242142746555194,0.4954327295246942
MCLENNAN,22,4.0,6115,1260,152468,159843,410,55,6957,7422,3.8256288983565123,0.7882734933653648,5.524117488547561,0.7410401509027217
MCLENNAN,22,18.0,6115,1260,152468,159843,11,5,511,527,3.8256288983565123,0.7882734933653648,2.0872865275142316,0.9487666034155597
MCMULLEN,21,27.0,59,1,583,643,59,1,583,643,9.17573872472784,0.15552099533437014,9.17573872472784,0.15552099533437014
MEDINA,24,24.0,2232,281,36104,38617,2232,281,36104,38617,5.77983789522749,0.7276588031177978,5.77983789522749,0.7276588031177978
MENARD,28,17.0,259,3,1257,1519,194,3,939,1136,17.050691244239633,0.19749835418038184,17.077464788732392,0.2640845070422535
MENARD,28,11.0,259,3,1257,1519,65,0,318,383,17.050691244239633,0.19749835418038184,16.971279373368144,0.0
MIDLAND,31,31.0,4668,268,94340,99276,4668,268,94339,99275,4.7020427897981385,0.26995447036544584,4.7020901536137,0.26995718962477966
MILAM,5,5.0,1488,122,15614,17224,1488,122,15614,17224,8.639108221086856,0.7083139804923363,8.639108221086856,0.7083139804923363
MILLS,28,2.0,635,10,2998,3643,634,10,2993,3637,17.430688992588525,0.2744990392533626,17.431949408853452,0.27495188342040144
MITCHELL,31,24.0,315,5,4218,4538,315,5,4218,4538,6.941383869546056,0.11018069634200088,6.941383869546056,0.11018069634200088
MONTAGUE,30,1.0,1096,29,14559,15684,1096,29,14556,15681,6.988013261922979,0.18490181076256057,6.989350168994324,0.18493718512849947
MONTGOMERY,4,15.0,15121,1940,353012,370073,4945,682,109262,114889,4.085950609744564,0.5242208969581676,4.304154444724909,0.5936164471794515
MONTGOMERY,4,11.0,15121,1940,353012,370073,615,90,23123,23828,4.085950609744564,0.5242208969581676,2.5809971462145374,0.3777068994460299
MONTGOMERY,4,7.0,15121,1940,353012,370073,788,73,17374,18235,4.085950609744564,0.5242208969581676,4.3213600219358375,0.400329037565122
MONTGOMERY,4,13.0,15121,1940,353012,370073,2092,211,43586,45889,4.085950609744564,0.5242208969581676,4.558826734075704,0.45980518206977705
MONTGOMERY,4,6.0,15121,1940,353012,370073,5567,715,128614,134896,4.085950609744564,0.5242208969581676,4.126882932036532,0.5300379551654608
MONTGOMERY,4,17.0,15121,1940,353012,370073,16,12,4631,4659,4.085950609744564,0.5242208969581676,0.34342133505044,0.25756600128783
MONTGOMERY,4,4.0,15121,1940,353012,370073,967,133,24259,25359,4.085950609744564,0.5242208969581676,3.813241847075989,0.524468630466501
MONTGOMERY,4,18.0,15121,1940,353012,370073,131,24,2163,2318,4.085950609744564,0.5242208969581676,5.651423641069888,1.0353753235547885
MONTGOMERY,7,15.0,2425,214,47714,50353,508,58,13778,14344,4.815999046730086,0.4249995035052529,3.541550474065811,0.40435025097601784
MONTGOMERY,7,11.0,2425,214,47714,50353,514,46,9265,9825,4.815999046730086,0.4249995035052529,5.231552162849873,0.46819338422391854
MONTGOMERY,7,7.0,2425,214,47714,50353,117,7,2728,2852,4.815999046730086,0.4249995035052529,4.102384291725105,0.24544179523141654
MONTGOMERY,7,13.0,2425,214,47714,50353,35,2,2529,2566,4.815999046730086,0.4249995035052529,1.3639906469212781,0.0779423226812159
MONTGOMERY,7,6.0,2425,214,47714,50353,892,68,14945,15905,4.815999046730086,0.4249995035052529,5.608299276956932,0.4275385099025464
MONTGOMERY,7,4.0,2425,214,47714,50353,359,33,4469,4861,4.815999046730086,0.4249995035052529,7.385311664266611,0.678872659946513
MONTGOMERY,18,15.0,1848,106,33172,35126,740,35,13791,14566,5.261060183339976,0.3017707680920116,5.080324042290265,0.2402855965948098
MONTGOMERY,18,11.0,1848,106,33172,35126,201,10,5312,5523,5.261060183339976,0.3017707680920116,3.639326453014666,0.1810610175629187
MONTGOMERY,18,7.0,1848,106,33172,35126,145,16,3242,3403,5.261060183339976,0.3017707680920116,4.260946223920071,0.4701733764325595
MONTGOMERY,18,6.0,1848,106,33172,35126,762,45,10827,11634,5.261060183339976,0.3017707680920116,6.549767921609077,0.3867973182052605
MOORE,31,22.0,681,5,9462,10148,681,5,9462,10148,6.7106819077650774,0.049270792274339774,6.7106819077650774,0.049270792274339774
MORRIS,1,21.0,352,69,8580,9001,352,69,8580,9001,3.9106765914898345,0.7665814909454505,3.9106765914898345,0.7665814909454505
MOTLEY,28,3.0,116,1,736,853,116,1,736,853,13.599062133645957,0.11723329425556857,13.599062133645957,0.11723329425556857
NACOGDOCHES,3,29.0,2580,333,37158,40071,2580,333,37158,40071,6.438571535524444,0.8310249307479225,6.438571535524444,0.8310249307479225
NAVARRO,2,2.0,1828,160,30980,32968,1828,160,30978,32966,5.5447706867265225,0.48531909730647904,5.5451070800218405,0.48534854092094887
NEWTON,3,2.0,601,29,8876,9506,601,29,8874,9504,6.322322743530402,0.3050704818009678,6.323653198653198,0.30513468013468015
NOLAN,28,27.0,436,21,8039,8496,436,21,8038,8495,5.131826741996234,0.24717514124293788,5.132430841671572,0.2472042377869335
NUECES,20,20.0,2848,2632,163466,168946,2848,2632,163466,168946,1.6857457412427639,1.5578942383957004,1.6857457412427639,1.5578942383957004
NUECES,27,27.0,1163,480,48637,50280,1163,480,48637,50280,2.313046937151949,0.9546539379474941,2.313046937151949,0.9546539379474941
OCHILTREE,31,17.0,463,4,4750,5217,463,4,4750,5217,8.874832279087599,0.07667241709794902,8.874832279087599,0.07667241709794902
OLDHAM,31,31.0,146,1,1197,1344,146,1,1197,1344,10.863095238095239,0.0744047619047619,10.863095238095239,0.0744047619047619
ORANGE,3,2.0,3117,250,52977,56344,3117,250,52977,56344,5.5320885986085475,0.4437029674854465,5.5320885986085475,0.4437029674854465
PALO PINTO,10,1.0,1363,77,18956,20396,1363,77,18956,20396,6.682682878995881,0.3775250049029222,6.682682878995881,0.3775250049029222
PANOLA,1,8.0,1411,90,16406,17907,1411,90,16406,17907,7.879600156363434,0.5025967498743509,7.879600156363434,0.5025967498743509
PARKER,30,6.0,3936,310,72010,76256,694,48,13761,14503,5.161561057490558,0.4065253881661771,4.785216851685858,0.33096600703302764
PARKER,30,7.0,3936,310,72010,76256,1170,65,16793,18028,5.161561057490558,0.4065253881661771,6.4899045928555585,0.3605502551586421
PARKER,30,15.0,3936,310,72010,76256,475,40,8222,8737,5.161561057490558,0.4065253881661771,5.43664873526382,0.4578230513906375
PARKER,30,17.0,3936,310,72010,76256,849,89,15376,16314,5.161561057490558,0.4065253881661771,5.2041191614564175,0.545543704793429
PARKER,30,4.0,3936,310,72010,76256,74,4,2120,2198,5.161561057490558,0.4065253881661771,3.3666969972702456,0.18198362147406735
PARKER,30,13.0,3936,310,72010,76256,518,49,13756,14323,5.161561057490558,0.4065253881661771,3.6165607763736647,0.3421071004677791
PARKER,30,11.0,3936,310,72010,76256,156,15,1982,2153,5.161561057490558,0.4065253881661771,7.245703669298653,0.6967022758941013
PARKER,10,6.0,3390,177,48025,51592,313,19,4487,4819,6.570786168398202,0.34307644596061404,6.495123469599502,0.39427267067856403
PARKER,10,7.0,3390,177,48025,51592,448,20,5879,6347,6.570786168398202,0.34307644596061404,7.058452812352292,0.3151095005514416
PARKER,10,15.0,3390,177,48025,51592,1494,72,21002,22568,6.570786168398202,0.34307644596061404,6.61999291031549,0.31903580290677064
PARKER,10,17.0,3390,177,48025,51592,188,17,1998,2203,6.570786168398202,0.34307644596061404,8.533817521561508,0.7716749886518384
PARKER,10,4.0,3390,177,48025,51592,62,3,1084,1149,6.570786168398202,0.34307644596061404,5.395996518711923,0.26109660574412535
PARKER,10,13.0,3390,177,48025,51592,690,36,11254,11980,6.570786168398202,0.34307644596061404,5.759599332220367,0.3005008347245409
PARKER,10,11.0,3390,177,48025,51592,195,10,2321,2526,6.570786168398202,0.34307644596061404,7.719714964370546,0.395882818685669
PARMER,31,28.0,196,3,4371,4570,196,3,4371,4570,4.288840262582057,0.06564551422319474,4.288840262582057,0.06564551422319474
PECOS,29,4.0,311,127,7908,8346,2,1,147,150,3.726335969326623,1.5216870357057273,1.3333333333333335,0.6666666666666667
PECOS,29,15.0,311,127,7908,8346,87,4,834,925,3.726335969326623,1.5216870357057273,9.405405405405405,0.43243243243243246
PECOS,29,6.0,311,127,7908,8346,193,94,5215,5502,3.726335969326623,1.5216870357057273,3.5078153398764087,1.7084696474009449
PECOS,29,13.0,311,127,7908,8346,29,28,1712,1769,3.726335969326623,1.5216870357057273,1.639344262295082,1.582815149802148
POLK,3,3.0,2268,135,42145,44548,2268,135,42130,44533,5.091137649277184,0.30304390769507045,5.092852491410864,0.303145981631599
POTTER,31,6.0,2625,323,56883,59831,514,55,10497,11066,4.387357724256656,0.539853921879962,4.644858123983372,0.4970178926441352
POTTER,31,15.0,2625,323,56883,59831,1441,150,25831,27422,4.387357724256656,0.539853921879962,5.2549048209466855,0.547006053533659
POTTER,31,13.0,2625,323,56883,59831,109,60,11971,12140,4.387357724256656,0.539853921879962,0.8978583196046129,0.4942339373970346
POTTER,31,7.0,2625,323,56883,59831,303,48,6620,6971,4.387357724256656,0.539853921879962,4.346578683115766,0.6885669200975469
POTTER,31,17.0,2625,323,56883,59831,258,10,1964,2232,4.387357724256656,0.539853921879962,11.559139784946236,0.4480286738351254
PRESIDIO,29,29.0,10,519,3916,4445,10,519,3915,4444,0.22497187851518563,11.676040494938132,0.22502250225022502,11.678667866786679
RAINS,8,24.0,611,42,8773,9426,611,42,8766,9419,6.482070867812434,0.4455760661998727,6.486888204692642,0.4459072088332095
RANDALL,31,13.0,5883,347,94131,100361,2217,130,29540,31887,5.861838762068931,0.34575183587250025,6.952676639382821,0.4076896540910088
RANDALL,31,7.0,5883,347,94131,100361,704,75,19733,20512,5.861838762068931,0.34575183587250025,3.43213728549142,0.3656396255850234
RANDALL,31,17.0,5883,347,94131,100361,381,17,3247,3645,5.861838762068931,0.34575183587250025,10.452674897119342,0.4663923182441701
RANDALL,31,15.0,5883,347,94131,100361,989,53,13706,14748,5.861838762068931,0.34575183587250025,6.705994033089232,0.35937076213723895
RANDALL,31,11.0,5883,347,94131,100361,681,37,11507,12225,5.861838762068931,0.34575183587250025,5.570552147239264,0.30265848670756645
RANDALL,31,6.0,5883,347,94131,100361,712,26,12488,13226,5.861838762068931,0.34575183587250025,5.383335853621654,0.19658248903674577
RANDALL,31,4.0,5883,347,94131,100361,199,9,3910,4118,5.861838762068931,0.34575183587250025,4.832442933462846,0.2185526954832443
REAGAN,31,21.0,151,1,1657,1809,151,1,1657,1809,8.347153123272525,0.055279159756771695,8.347153123272525,0.055279159756771695
REAL,19,3.0,321,15,2368,2704,321,15,2368,2704,11.871301775147929,0.5547337278106509,11.871301775147929,0.5547337278106509
RED RIVER,1,1.0,468,63,8243,8774,468,63,8242,8773,5.333941189879188,0.7180305447914292,5.33454918499943,0.7181123902883848
RED RIVER,1,3.0,468,63,8243,8774,0,0,1,1,5.333941189879188,0.7180305447914292,0.0,0.0
REEVES,29,3.0,20,565,7272,7857,20,565,7272,7857,0.2545500827287769,7.1910398370879465,0.2545500827287769,7.1910398370879465
REFUGIO,18,18.0,246,50,4657,4953,246,50,4657,4953,4.966686856450636,1.0094891984655765,4.966686856450636,1.0094891984655765
ROBERTS,31,31.0,126,0,597,723,126,0,597,723,17.42738589211618,0.0,17.42738589211618,0.0
ROBERTSON,5,3.0,1066,101,11449,12616,1066,101,11449,12616,8.449587824984148,0.800570703868104,8.449587824984148,0.800570703868104
ROCKWALL,2,2.0,4107,713,83428,88248,4107,713,83428,88248,4.653929834103889,0.8079503218203246,4.653929834103889,0.8079503218203246
RUNNELS,28,3.0,552,12,6265,6829,552,12,6264,6828,8.083174696148777,0.17572118904671255,8.084358523725834,0.17574692442882248
RUSK,1,1.0,2013,203,32211,34427,2009,203,32185,34397,5.847154849391465,0.589653469660441,5.840625635956624,0.5901677471872547
SABINE,3,21.0,688,36,7755,8479,688,36,7755,8479,8.114164406179974,0.4245783700908126,8.114164406179974,0.4245783700908126
SAN AUGUSTINE,3,1.0,358,49,5658,6065,358,49,5657,6064,5.902720527617477,0.8079142621599341,5.903693931398417,0.8080474934036939
SAN JACINTO,5,5.0,1603,102,18821,20526,1603,102,18821,20526,7.809607327292214,0.4969307220111079,7.809607327292214,0.4969307220111079
SAN PATRICIO,27,7.0,1306,441,43625,45372,249,153,8289,8691,2.8784272238384907,0.9719650886008991,2.865032792544011,1.7604418363824648
SAN PATRICIO,27,15.0,1306,441,43625,45372,270,60,10529,10859,2.8784272238384907,0.9719650886008991,2.4864167971268074,0.5525370660281793
SAN PATRICIO,27,17.0,1306,441,43625,45372,304,66,6430,6800,2.8784272238384907,0.9719650886008991,4.470588235294118,0.9705882352941178
SAN PATRICIO,27,4.0,1306,441,43625,45372,67,18,2318,2403,2.8784272238384907,0.9719650886008991,2.7881814398668334,0.7490636704119851
SAN PATRICIO,27,6.0,1306,441,43625,45372,355,129,14374,14858,2.8784272238384907,0.9719650886008991,2.3892852335442187,0.8682191412033922
SAN PATRICIO,27,13.0,1306,441,43625,45372,61,15,1684,1760,2.8784272238384907,0.9719650886008991,3.465909090909091,0.8522727272727272
SAN SABA,28,2.0,492,6,3305,3803,492,6,3305,3803,12.93715487772811,0.15777018143570865,12.93715487772811,0.15777018143570865
SCHLEICHER,31,19.0,169,23,1544,1736,169,23,1544,1736,9.735023041474653,1.3248847926267282,9.735023041474653,1.3248847926267282
SCURRY,31,7.0,719,20,8661,9400,56,2,440,498,7.648936170212766,0.2127659574468085,11.244979919678714,0.4016064257028112
SCURRY,31,4.0,719,20,8661,9400,615,18,7749,8382,7.648936170212766,0.2127659574468085,7.33715103793844,0.21474588403722264
SCURRY,31,18.0,719,20,8661,9400,48,0,472,520,7.648936170212766,0.2127659574468085,9.230769230769232,0.0
SHACKELFORD,10,24.0,231,3,2209,2443,231,3,2208,2442,9.455587392550143,0.12279983626688497,9.45945945945946,0.12285012285012285
SHELBY,3,3.0,1089,41,15265,16395,1089,41,15260,16390,6.642268984446477,0.2500762427569381,6.644295302013423,0.25015253203172666
SHERMAN,31,28.0,149,1,1302,1452,149,1,1302,1452,10.261707988980715,0.06887052341597796,10.261707988980715,0.06887052341597796
SMITH,1,5.0,8968,1656,151578,162202,8968,1656,151573,162197,5.5289083981701825,1.0209491868164386,5.529078836230016,1.020980659321689
SOMERVELL,22,31.0,757,28,6650,7435,757,28,6650,7435,10.181573638197714,0.3765971755211836,10.181573638197714,0.3765971755211836
STARR,21,2.0,28,1033,35410,36471,28,1032,35341,36401,0.07677332675276247,2.832387376271558,0.0769209637097882,2.8350869481607646
STEPHENS,10,10.0,580,5,5324,5909,580,5,5322,5907,9.815535623624978,0.08461668641056017,9.818858980870154,0.08464533604198408
STERLING,31,31.0,132,2,740,874,132,2,740,874,15.102974828375288,0.2288329519450801,15.102974828375288,0.2288329519450801
STONEWALL,28,1.0,59,5,893,957,59,5,893,957,6.165099268547544,0.522466039707419,6.165099268547544,0.522466039707419
SUTTON,24,25.0,344,11,1999,2354,344,11,1999,2354,14.613423959218352,0.46728971962616817,14.613423959218352,0.46728971962616817
SWISHER,31,24.0,290,11,3608,3909,290,11,3608,3909,7.418777180864672,0.28140189306728064,7.418777180864672,0.28140189306728064
TARRANT,12,12.0,4194,1106,68583,73883,4194,1106,68583,73883,5.67654264174438,1.4969614119621564,5.67654264174438,1.4969614119621564
TARRANT,10,10.0,8568,8071,345015,361654,8568,8071,345015,361654,2.3691152316855337,2.231691063834494,2.3691152316855337,2.231691063834494
TARRANT,9,9.0,17853,6690,596205,620748,17853,6690,596205,620748,2.8760463183127456,1.07773202652284,2.8760463183127456,1.07773202652284
TARRANT,22,22.0,3751,3216,197455,204422,3751,3216,197455,204422,1.8349297042392698,1.573216190038254,1.8349297042392698,1.573216190038254
TARRANT,23,23.0,368,1144,50353,51865,368,1144,50353,51865,0.7095343680709534,2.2057264050901377,0.7095343680709534,2.2057264050901377
TAYLOR,28,28.0,3402,306,86465,90173,3402,306,86465,90173,3.772747940070753,0.33934769831324235,3.772747940070753,0.33934769831324235
TERRELL,19,31.0,26,23,577,626,26,23,577,626,4.15335463258786,3.6741214057507987,4.15335463258786,3.6741214057507987
TERRY,28,18.0,473,12,5936,6421,473,12,5934,6419,7.366453823391995,0.18688677776047344,7.368749026328089,0.18694500701043776
THROCKMORTON,28,28.0,112,2,1109,1223,112,2,1099,1213,9.157808667211773,0.1635322976287817,9.23330585325639,0.16488046166529266
TITUS,1,1.0,1326,122,16638,18086,1326,122,16636,18084,7.3316377308415355,0.6745549043459029,7.332448573324486,0.6746295067462951
TOM GREEN,28,13.0,3062,308,69429,72799,917,95,20116,21128,4.20610173216665,0.42308273465294854,4.340212040893602,0.44964028776978415
TOM GREEN,28,15.0,3062,308,69429,72799,748,68,17787,18603,4.20610173216665,0.42308273465294854,4.02085685104553,0.3655324410041391
TOM GREEN,28,6.0,3062,308,69429,72799,719,39,11956,12714,4.20610173216665,0.42308273465294854,5.655183262545226,0.3067484662576687
TOM GREEN,28,7.0,3062,308,69429,72799,308,34,9035,9377,4.20610173216665,0.42308273465294854,3.2846326117095015,0.3625893142796204
TOM GREEN,28,4.0,3062,308,69429,72799,23,6,331,360,4.20610173216665,0.42308273465294854,6.388888888888888,1.6666666666666667
TOM GREEN,28,11.0,3062,308,69429,72799,115,23,4201,4339,4.20610173216665,0.42308273465294854,2.650380271952063,0.5300760543904126
TOM GREEN,28,17.0,3062,308,69429,72799,232,43,6003,6278,4.20610173216665,0.42308273465294854,3.695444409047467,0.684931506849315
TRAVIS,25,11.0,2975,1873,103486,108334,60,42,3069,3171,2.746136946849558,1.7289124374619234,1.8921475875118259,1.3245033112582782
TRAVIS,25,7.0,2975,1873,103486,108334,128,128,7619,7875,2.746136946849558,1.7289124374619234,1.6253968253968254,1.6253968253968254
TRAVIS,25,6.0,2975,1873,103486,108334,922,484,25686,27092,2.746136946849558,1.7289124374619234,3.4032186623357448,1.7865052413996754
TRAVIS,25,15.0,2975,1873,103486,108334,1182,644,36455,38281,2.746136946849558,1.7289124374619234,3.0876936339176093,1.6822967007131473
TRAVIS,25,13.0,2975,1873,103486,108334,481,369,18967,19817,2.746136946849558,1.7289124374619234,2.427208962002321,1.862037644446687
TRAVIS,25,17.0,2975,1873,103486,108334,202,206,11690,12098,2.746136946849558,1.7289124374619234,1.6696974706563068,1.7027607869069268
TRAVIS,14,11.0,6295,28629,661560,696484,567,1923,39482,41972,0.9038255006575888,4.110503615302003,1.3509006004002668,4.581625845801963
TRAVIS,14,7.0,6295,28629,661560,696484,341,2451,67019,69811,0.9038255006575888,4.110503615302003,0.48846170374296316,3.510908023090917
TRAVIS,14,6.0,6295,28629,661560,696484,1958,8554,189922,200434,0.9038255006575888,4.110503615302003,0.9768801700310326,4.267739006356207
TRAVIS,14,15.0,6295,28629,661560,696484,1433,6350,134028,141811,0.9038255006575888,4.110503615302003,1.0104998906995932,4.477790862485985
TRAVIS,14,13.0,6295,28629,661560,696484,1303,6180,144374,151857,0.9038255006575888,4.110503615302003,0.858044080944573,4.0696181275805525
TRAVIS,14,4.0,6295,28629,661560,696484,234,983,22493,23710,0.9038255006575888,4.110503615302003,0.9869253479544495,4.1459299873471105
TRAVIS,14,17.0,6295,28629,661560,696484,444,2117,59501,62062,0.9038255006575888,4.110503615302003,0.7154136186394251,3.41110502400825
TRAVIS,14,18.0,6295,28629,661560,696484,15,71,4741,4827,0.9038255006575888,4.110503615302003,0.3107520198881293,1.4708928941371453
TRAVIS,21,11.0,497,2927,120080,123504,66,438,21122,21626,0.40241611607721206,2.369963725871227,0.3051881993896236,2.025339868676593
TRAVIS,21,7.0,497,2927,120080,123504,75,432,23272,23779,0.40241611607721206,2.369963725871227,0.31540434837461623,1.8167290466377897
TRAVIS,21,6.0,497,2927,120080,123504,25,317,12323,12665,0.40241611607721206,2.369963725871227,0.19739439399921044,2.502960915909988
TRAVIS,21,15.0,497,2927,120080,123504,200,751,24844,25795,0.40241611607721206,2.369963725871227,0.7753440589261484,2.9114169412676874
TRAVIS,21,13.0,497,2927,120080,123504,67,489,21819,22375,0.40241611607721206,2.369963725871227,0.2994413407821229,2.1854748603351957
TRAVIS,21,4.0,497,2927,120080,123504,20,127,6929,7076,0.40241611607721206,2.369963725871227,0.2826455624646693,1.79479932165065
TRAVIS,21,17.0,497,2927,120080,123504,44,373,9771,10188,0.40241611607721206,2.369963725871227,0.43188064389477815,3.6611700039261876
TRINITY,3,8.0,1091,72,11160,12323,1091,72,11160,12323,8.853363628986449,0.5842733100705997,8.853363628986449,0.5842733100705997
TYLER,3,3.0,1117,51,13728,14896,1117,51,13716,14884,7.498657357679914,0.34237379162191195,7.50470303681806,0.34264982531577537
UPSHUR,1,27.0,1598,133,28757,30488,1598,133,28755,30486,5.241406454998688,0.43623720808186833,5.241750311618447,0.4362658269369547
UPTON,31,5.0,261,3,1846,2110,261,3,1846,2110,12.369668246445498,0.14218009478672985,12.369668246445498,0.14218009478672985
UVALDE,19,17.0,465,328,17182,17975,307,134,8659,9100,2.58692628650904,1.8247566063977747,3.373626373626373,1.4725274725274726
UVALDE,19,11.0,465,328,17182,17975,158,194,8520,8872,2.58692628650904,1.8247566063977747,1.7808836789900813,2.1866546438232644
VAL VERDE,19,19.0,438,619,29105,30162,438,619,29096,30153,1.4521583449373383,2.052251176977654,1.4525917819122476,2.052863728318907
VAN ZANDT,2,2.0,2412,104,39412,41928,2412,104,39408,41924,5.752718946765884,0.24804426636138144,5.753267817956302,0.24806793244919376
VICTORIA,18,29.0,2662,385,55170,58217,2662,385,55170,58217,4.572547537660821,0.661318858752598,4.572547537660821,0.661318858752598
WALKER,5,28.0,2436,279,36355,39070,1187,133,15098,16418,6.234962887125672,0.714102892244689,7.229869655256425,0.810086490437325
WALKER,5,30.0,2436,279,36355,39070,1249,146,21235,22630,6.234962887125672,0.714102892244689,5.519222271321255,0.6451612903225806
WALLER,18,6.0,1041,260,27449,28750,983,171,19865,21019,3.620869565217391,0.9043478260869564,4.676721061896379,0.8135496455587801
WALLER,18,13.0,1041,260,27449,28750,37,11,5250,5298,3.620869565217391,0.9043478260869564,0.6983767459418648,0.20762551906379767
WALLER,18,17.0,1041,260,27449,28750,9,76,2060,2145,3.620869565217391,0.9043478260869564,0.4195804195804196,3.5431235431235435
WALLER,18,15.0,1041,260,27449,28750,12,2,274,288,3.620869565217391,0.9043478260869564,4.166666666666666,0.6944444444444444
WALLER,17,6.0,410,71,14883,15364,80,12,3535,3627,2.668575891694871,0.4621192397813069,2.2056796250344637,0.3308519437551696
WALLER,17,13.0,410,71,14883,15364,29,5,512,546,2.668575891694871,0.4621192397813069,5.311355311355311,0.9157509157509158
WALLER,17,11.0,410,71,14883,15364,120,29,4800,4949,2.668575891694871,0.4621192397813069,2.424732269145282,0.5859769650434431
WALLER,17,15.0,410,71,14883,15364,143,10,1719,1872,2.668575891694871,0.4621192397813069,7.638888888888889,0.5341880341880342
WALLER,17,7.0,410,71,14883,15364,21,8,3956,3985,2.668575891694871,0.4621192397813069,0.5269761606022585,0.20075282308657463
WALLER,17,4.0,410,71,14883,15364,17,7,361,385,2.668575891694871,0.4621192397813069,4.415584415584416,1.8181818181818181
WARD,31,31.0,355,36,6670,7061,355,36,6670,7061,5.02761648491715,0.5098427984704716,5.02761648491715,0.5098427984704716
WASHINGTON,18,17.0,2297,268,23296,25861,145,11,1300,1456,8.882100460152353,1.0363095007926995,9.958791208791208,0.7554945054945055
WASHINGTON,18,6.0,2297,268,23296,25861,1165,110,9997,11272,8.882100460152353,1.0363095007926995,10.335344215755855,0.9758694109297373
WASHINGTON,18,15.0,2297,268,23296,25861,196,16,2392,2604,8.882100460152353,1.0363095007926995,7.526881720430108,0.6144393241167435
WASHINGTON,18,11.0,2297,268,23296,25861,156,21,2123,2300,8.882100460152353,1.0363095007926995,6.782608695652175,0.9130434782608696
WASHINGTON,18,13.0,2297,268,23296,25861,635,110,7484,8229,8.882100460152353,1.0363095007926995,7.716611982014826,1.3367359338923321
WEBB,21,21.0,241,6850,141526,148617,241,6850,141401,148492,0.16216179844836054,4.609163150918132,0.16229830563262668,4.613043126902459
WHARTON,17,14.0,1954,195,24318,26467,1954,195,24314,26463,7.382778554426267,0.7367665394642384,7.383894494199448,0.7368779049994332
WHEELER,28,24.0,462,4,2954,3420,462,4,2954,3420,13.508771929824562,0.11695906432748539,13.508771929824562,0.11695906432748539
WICHITA,28,28.0,2356,188,45931,48475,2356,188,45931,48475,4.8602372356884995,0.38782877772047447,4.8602372356884995,0.38782877772047447
WICHITA,30,30.0,1274,181,30180,31635,1274,181,30180,31635,4.027185079816658,0.5721510984668879,4.027185079816658,0.5721510984668879
WILBARGER,28,8.0,342,34,7758,8134,342,34,7758,8134,4.204573395623309,0.4179985247110892,4.204573395623309,0.4179985247110892
WILLACY,27,27.0,36,445,11208,11689,36,445,11206,11687,0.30798186329027294,3.806998032338096,0.30803456832377857,3.807649525113374
WILLIAMSON,5,5.0,9194,4384,285643,299221,9194,4384,285643,299221,3.0726453023016433,1.4651378078410273,3.0726453023016433,1.4651378078410273
WILLIAMSON,24,24.0,2980,2835,141872,147687,2980,2835,141872,147687,2.017780847332534,1.919600235633468,2.017780847332534,1.919600235633468
WILSON,21,21.0,1853,232,37097,39182,1853,232,37097,39182,4.72921239344597,0.5921086213057016,4.72921239344597,0.5921086213057016
WINKLER,31,28.0,203,3,3873,4079,203,3,3873,4079,4.976709977935768,0.07354743809757293,4.976709977935768,0.07354743809757293
WISE,12,27.0,2964,170,52850,55984,2964,170,52850,55984,5.294369819948557,0.3036581880537296,5.294369819948557,0.3036581880537296
WOOD,1,1.0,2397,166,33105,35668,2397,166,33092,35655,6.720309521139396,0.46540316249859814,6.722759781236853,0.4655728509325481
YOAKUM,31,31.0,463,1,3840,4304,463,1,3840,4304,10.757434944237918,0.023234200743494422,10.757434944237918,0.023234200743494422
YOUNG,30,29.0,994,34,11401,12429,994,34,11379,12407,7.997425376136455,0.2735537855016493,8.011606351253326,0.27403884903683406
ZAPATA,21,21.0,10,1209,6988,8207,10,1209,6988,8207,0.12184720360667724,14.731326916047276,0.12184720360667724,14.731326916047276
ZAVALA,19,1.0,5,864,6957,7826,5,864,6956,7825,0.0638895987733197,11.040122668029644,0.06389776357827476,11.041533546325878
